#{"t_start": 1775304198.0324364, "env_id": "None"}
r,l,t
183.65173,51,2.816113
59.448643,51,2.816196
125.22148,51,2.816221
56.922615,51,2.81624
87.66655,51,2.816257
-54.150852,51,2.816272
88.184456,65,2.903597
150.53114,69,2.930043
79.58633,51,3.139114
-103.35427,51,3.139177
121.17422,51,3.139189
-61.199898,51,3.139197
51.599403,51,3.139204
45.972813,51,3.13921
-132.4152,52,3.238198
-122.509964,52,3.26255
90.78337,51,3.472452
72.91781,51,3.472507
81.272354,51,3.472519
66.302185,51,3.472527
92.882416,57,3.512444
146.55678,69,3.592921
154.41652,62,3.671538
32.484577,69,3.688435
85.65316,51,3.808417
-130.5607,51,3.808472
177.24373,51,3.808484
291.00385,51,3.808492
200.06053,51,3.852187
78.366806,51,3.927285
244.56058,65,4.096874
125.85601,51,4.141811
107.370094,51,4.141893
172.49724,51,4.141924
-88.31632,51,4.141945
283.07495,74,4.17387
-42.990734,51,4.180531
-71.09547,51,4.258936
-122.006454,51,4.461413
161.20692,51,4.461467
173.90167,51,4.461481
-5.54107,51,4.461492
170.27113,51,4.492849
239.45569,51,4.499739
-181.809,65,4.508324
-32.59978,51,4.582686
83.75181,51,4.794068
-63.447506,51,4.79412
197.24985,51,4.79413
85.40671,51,4.794138
-111.88493,51,4.825822
49.058468,51,4.832415
-57.692425,51,4.841131
-36.78627,51,4.909294
166.11821,51,5.126735
99.18841,51,5.126791
70.42209,51,5.126804
-88.91233,51,5.126813
156.56448,51,5.155028
152.91216,51,5.160918
133.95363,51,5.169289
105.563446,51,5.243281
143.47743,51,5.475078
182.66818,51,5.475131
129.92815,51,5.475142
-115.007355,51,5.512742
83.07842,51,5.51957
296.29575,67,5.578192
-137.27374,51,5.591341
314.9358,65,5.598439
123.126785,51,5.809116
83.07214,51,5.809171
244.2691,51,5.809182
203.40546,51,5.847226
-136.90642,51,5.855995
76.899086,51,5.918188
109.02521,51,5.935929
386.50537,56,5.960435
233.20677,51,6.14294
-5.810669,51,6.143
-180.32346,54,6.1609
52.685375,51,6.181328
138.34578,51,6.187854
77.59635,51,6.247573
48.71797,51,6.264501
135.60623,51,6.286442
-133.49207,51,6.465411
-157.97389,53,6.477046
63.689274,51,6.500675
138.06303,60,6.563129
56.23774,51,6.609831
148.06093,72,6.616903
-169.65358,56,6.616961
-184.04471,51,6.795214
-97.44005,51,6.808033
-226.31715,89,6.814112
133.06018,51,6.834243
49.455757,51,6.901553
132.04198,51,6.94364
-124.05403,51,6.952209
85.359085,56,6.98461
-190.4784,51,7.1667
-45.07585,51,7.172538
225.47643,59,7.204474
225.77235,62,7.268032
46.94422,57,7.301504
97.04606,51,7.308773
-132.81871,51,7.315067
184.82329,51,7.350458
69.01831,51,7.511624
62.702,51,7.540208
-195.9243,61,7.56615
-90.302795,51,7.59363
89.189186,51,7.621226
119.90742,51,7.626583
199.28601,51,7.632605
-68.590004,51,7.660173
-161.58374,51,7.79456
60.110558,51,7.819769
-110.45066,51,7.865722
-86.52197,51,7.890875
69.8481,51,7.896692
65.8181,62,7.896741
-86.50494,51,7.902507
53.92522,65,7.993309
233.96455,51,8.047749
-108.040955,51,8.077444
101.09759,51,8.149086
117.907265,51,8.154921
150.56056,51,8.154967
-66.80411,51,8.161347
-170.53604,73,8.250237
-122.01889,52,8.27874
236.48889,51,8.34323
62.883472,51,8.374996
168.33847,51,8.460716
109.73683,51,8.46674
204.3531,51,8.473427
31.459352,51,8.570604
88.55674,51,8.603366
101.507225,51,8.6661
251.17557,51,8.696063
-281.17697,91,8.723613
133.03993,51,8.790481
63.232025,51,8.796727
131.66078,51,8.80401
-75.263145,51,8.902503
68.56791,51,9.00821
121.53626,51,9.04868
334.54797,69,9.068845
229.96695,51,9.075818
-52.414635,51,9.153358
70.6369,51,9.160424
57.2698,51,9.168104
-32.883152,51,9.275262
36.736877,51,9.378078
51.466675,51,9.413555
84.20512,51,9.434005
107.43455,57,9.483406
71.26164,51,9.522334
-23.744688,51,9.532296
230.03418,51,9.540998
-17.52838,51,9.663797
203.60959,51,9.777963
-42.16044,51,9.809991
82.64624,51,9.833156
-135.12569,51,9.878828
-78.67946,51,9.906361
78.51141,51,9.915101
124.05573,51,9.925548
120.54394,51,10.029259
-152.9383,51,10.142081
-164.84679,51,10.181834
135.8983,51,10.204374
70.35738,51,10.261408
-49.039078,51,10.292695
200.30234,51,10.304985
146.38579,51,10.410341
-194.51637,69,10.424247
279.39798,51,10.517699
17.49439,51,10.555302
-77.62861,51,10.575381
78.49984,51,10.626917
-126.97604,51,10.656606
252.0394,51,10.775855
186.72858,51,10.788069
-194.39685,76,10.835861
-88.835266,51,10.872617
119.54995,51,10.905736
-143.39226,51,10.926435
122.030396,51,10.967176
56.31117,51,10.993133
-122.899994,51,11.102534
74.69898,51,11.115193
12.910929,51,11.169137
109.86889,51,11.202325
-36.63002,51,11.236632
9.646653,51,11.256339
115.32956,51,11.323972
227.61166,57,11.336648
109.51861,51,11.434245
-179.29883,51,11.446924
67.74224,51,11.53138
155.1893,51,11.570778
115.64936,51,11.594245
-211.83226,66,11.606224
-153.48042,51,11.664336
196.05887,51,11.679825
272.81888,51,11.78355
-115.16263,51,11.795774
133.46739,51,11.884834
71.84311,51,11.917542
-119.887535,51,11.938468
70.293945,51,11.952393
18.482954,54,12.053726
179.30817,51,12.144943
236.4962,61,12.197009
-251.96913,79,12.203792
108.58163,51,12.23083
59.941326,51,12.267647
59.73317,51,12.288337
42.406464,51,12.300159
69.159584,51,12.392019
81.8796,51,12.479486
52.60499,51,12.537503
-137.76514,51,12.544519
-18.65419,51,12.607152
-127.44179,51,12.626402
108.40641,53,12.656307
-90.5074,51,12.82334
64.83235,93,12.852005
40.65786,51,12.879632
256.4605,51,12.96475
-15.444135,51,12.990431
118.283554,59,12.996726
-137.0588,51,13.165354
422.04913,96,13.184548
68.72001,51,13.191167
-88.959465,51,13.214931
72.95001,51,13.290073
101.64004,51,13.318109
-139.78154,51,13.324349
542.2216,150,13.37975
191.28156,51,13.49339
73.958786,51,13.516811
95.496254,51,13.523049
-26.365366,51,13.548573
162.377,51,13.633561
167.6331,51,13.663298
227.37248,51,13.712761
149.8813,51,13.820298
276.818,80,13.842205
160.82246,51,13.842296
-167.30977,51,13.881299
318.3569,58,13.903832
189.8354,51,13.978563
-67.7413,51,14.014716
102.336945,51,14.071174
188.34409,51,14.20817
142.13617,51,14.208235
196.8128,59,14.248289
-129.42937,51,14.248394
67.11941,51,14.269779
-80.235374,51,14.338616
-105.579544,51,14.372448
260.02585,68,14.534834
117.75527,51,14.558275
256.48663,51,14.594058
86.42511,51,14.594127
-90.85965,51,14.613532
-28.965252,51,14.681384
208.63765,69,14.681446
264.2226,55,14.737267
123.71628,51,14.876123
-144.70222,51,14.89617
66.614815,51,14.928524
-100.52236,51,14.945775
85.11756,51,15.014719
30.91544,51,15.014788
-273.90594,71,15.062618
-39.868732,51,15.075909
204.59862,51,15.210457
-172.6461,51,15.229295
111.64332,51,15.26813
137.11803,51,15.287728
-43.415974,51,15.34997
107.65828,51,15.350026
140.61003,51,15.396273
71.10771,51,15.409735
-84.06609,51,15.537784
138.43738,51,15.555923
0.6046789,51,15.58988
-192.83356,53,15.625606
75.614555,51,15.681627
236.42355,54,15.700391
80.35449,51,15.725527
70.89559,51,15.737778
95.86693,51,15.865826
-65.489395,51,15.886133
-93.191025,51,15.917024
-109.47543,51,15.948213
44.591755,51,16.004662
45.09827,51,16.048864
220.79033,51,16.061806
133.1736,51,16.197443
174.44316,51,16.215517
-208.07864,51,16.247577
100.54995,51,16.285115
86.96436,51,16.340203
574.3921,127,16.522392
-213.79796,75,16.556056
165.5629,51,16.556117
-48.237743,51,16.620673
-340.76297,91,16.647192
-70.7429,51,16.675018
7.074136,77,16.709448
-86.981964,51,16.855469
143.01431,51,16.89145
91.97678,51,16.89151
262.19553,51,16.960841
97.705925,51,17.016894
-29.065208,51,17.051688
145.69118,72,17.141015
18.284208,51,17.215208
266.0672,51,17.246745
62.924103,51,17.246811
190.53944,148,17.246824
24.884136,51,17.302731
225.88911,51,17.355584
88.544106,51,17.386809
96.683334,51,17.463159
-79.682106,51,17.528926
235.0299,51,17.561625
237.94756,51,17.561708
-9.798507,51,17.561737
75.88061,51,17.683354
269.85483,63,17.709561
-65.33545,51,17.792902
176.3298,51,17.869605
-138.13498,51,17.901717
-98.16883,51,17.901783
178.89494,51,17.901796
-322.27646,92,17.989078
192.57285,51,18.018572
156.81299,51,18.042238
73.933105,51,18.233049
18.85658,51,18.233124
58.93411,51,18.233141
-317.94775,73,18.272796
88.66438,51,18.317308
110.54533,51,18.353695
441.84937,77,18.376509
58.367878,51,18.383814
65.38589,51,18.574506
-153.87067,55,18.598699
96.436935,51,18.611234
244.84286,61,18.63748
146.83978,51,18.656182
207.70598,51,18.687151
34.906612,51,18.706638
143.01344,51,18.713283
-90.44115,51,18.927644
85.6526,52,19.002766
-63.912346,51,19.014202
103.23386,51,19.154255
141.59566,68,19.195944
151.52824,72,19.276402
214.16893,51,19.356091
97.39559,51,19.385082
-71.52263,51,19.394611
50.56368,51,19.530908
-521.44745,125,19.589303
317.3584,51,19.692265
-446.2577,132,19.699857
88.33743,51,19.727666
-61.098347,51,19.734977
287.98474,74,19.768582
466.50305,106,19.920033
68.12967,51,19.935748
207.9123,51,20.018572
56.421913,51,20.121927
-144.1994,51,20.129725
82.78447,51,20.161061
115.836395,58,20.251379
-175.16515,64,20.259498
74.32288,51,20.315017
228.20732,57,20.344377
149.87093,51,20.375868
123.2891,51,20.47736
69.928696,55,20.509029
88.571106,51,20.509125
240.01038,51,20.597092
-62.57026,51,20.603508
66.25076,51,20.685449
422.19864,57,20.699381
307.44,51,20.719536
66.03482,52,20.823288
50.541943,51,20.853397
189.26161,55,20.880243
94.48399,51,20.95206
82.49949,51,21.026071
57.651993,51,21.061092
163.20538,65,21.130047
14.60294,52,21.173439
83.35177,51,21.193162
329.09518,91,21.207713
93.05102,51,21.221348
90.93003,51,21.290151
70.86268,51,21.37522
-92.11364,51,21.408058
-135.27072,51,21.481915
65.1513,51,21.520307
-66.970276,51,21.539787
161.02405,51,21.55579
78.21947,51,21.570115
222.42104,51,21.633162
210.7174,55,21.762733
269.38382,63,21.783191
-225.73053,51,21.808742
89.87015,51,21.850347
59.585793,51,21.868627
232.7028,51,21.879554
321.9837,51,21.893856
33.574528,51,21.953194
-102.49283,51,22.086639
119.08124,51,22.105174
263.7324,51,22.127559
103.46728,51,22.192083
215.743,51,22.218274
-80.36537,51,22.234027
39.106724,51,22.32998
-259.83405,75,22.411608
124.73815,51,22.455806
64.39958,51,22.470873
226.00645,51,22.495632
129.69646,51,22.531275
-106.7679,51,22.560777
292.17944,51,22.630309
91.46321,51,22.716028
186.02263,83,22.738899
69.42672,51,22.771765
196.34238,51,22.792872
-65.83713,51,22.822316
81.76389,51,22.849484
481.44376,79,22.9014
158.89674,51,22.910583
191.53586,51,22.985469
-101.368805,51,23.058002
-115.99705,51,23.088704
13.922074,65,23.109222
68.694145,51,23.114737
55.470592,51,23.163663
66.177444,51,23.17432
-317.4063,95,23.230619
212.82535,51,23.245287
112.23961,51,23.357961
34.112965,57,23.358041
240.90607,51,23.382618
102.169464,51,23.391177
-139.11407,51,23.450652
59.04425,51,23.4605
121.615234,51,23.522046
121.858475,51,23.53753
182.23836,51,23.654089
-158.78001,51,23.654143
96.3241,51,23.677866
70.82283,51,23.684816
-133.64326,51,23.759136
128.18297,51,23.843966
277.3386,70,23.863174
99.705315,51,23.971087
98.42651,51,23.971139
343.01236,75,23.976402
86.98115,51,23.99504
27.733057,55,24.02542
269.63953,51,24.075712
41.12838,51,24.156391
124.89247,60,24.226246
89.63674,51,24.270546
-112.0192,51,24.276258
206.9329,66,24.359789
132.68011,51,24.37203
153.77777,73,24.420936
71.49905,51,24.454524
405.9218,82,24.502631
98.802124,51,24.520063
-74.3009,51,24.573911
282.73492,51,24.580793
196.4224,51,24.657789
53.645477,51,24.668834
-57.93801,51,24.716171
210.09512,51,24.743396
-100.49168,51,24.789901
25.888422,51,24.853672
12.971356,56,24.89135
93.07464,51,24.942739
212.2978,51,24.954712
153.59973,51,25.010193
-222.70493,51,25.042424
-385.01596,109,25.169104
144.4847,51,25.175622
77.33783,63,25.182859
86.565956,51,25.215069
205.10693,55,25.3167
184.08586,51,25.350962
-96.46256,51,25.384656
348.3359,79,25.472636
72.943954,51,25.522416
-1.2756,51,25.53213
141.58807,51,25.539649
160.69751,51,25.576572
-159.38103,51,25.724861
104.93216,51,25.760463
16.48018,63,25.782445
235.84306,51,25.850487
200.2295,51,25.898197
42.67095,51,25.905641
114.91636,51,25.912414
63.3383,51,25.942029
73.93684,51,26.067713
39.533855,51,26.098614
-35.329853,51,26.110564
-119.52312,51,26.168847
-106.32378,51,26.209817
126.445946,51,26.215171
237.18452,51,26.221479
86.07756,51,26.251926
-156.04817,51,26.370523
-62.89721,51,26.415572
187.98885,51,26.470712
242.1444,69,26.511428
49.277397,51,26.516925
258.5029,51,26.522803
72.657585,51,26.528751
-114.80146,51,26.555426
-121.19673,51,26.662602
203.40613,51,26.703987
160.8659,51,26.761537
65.08022,51,26.791186
199.84592,51,26.800265
0.8724886,51,26.812048
30.575855,53,26.818745
-123.56453,51,26.840019
83.54986,51,26.98524
152.1534,51,27.046996
203.11278,71,27.065494
123.51603,51,27.082751
79.44323,51,27.089232
-57.372505,51,27.100303
127.28495,51,27.134574
119.71565,55,27.134633
282.56656,51,27.283885
189.50269,53,27.34798
-159.91072,51,27.352968
-150.76697,51,27.373686
254.95631,51,27.384932
293.86267,55,27.39072
116.20222,51,27.413938
-85.062546,51,27.413985
102.84677,51,27.551855
97.10159,51,27.613728
112.56847,51,27.638272
87.63959,51,27.647795
112.12301,51,27.65357
-184.4738,62,27.671199
72.02846,51,27.676786
321.89548,52,27.834892
64.27016,51,27.921092
103.47721,51,27.933252
136.99242,51,27.939683
106.876366,58,27.939736
-148.67805,51,27.958776
139.08032,51,27.965574
205.2389,105,27.982954
125.913345,66,28.232684
65.06549,51,28.253983
-114.83814,51,28.260508
81.61581,51,28.260574
292.00778,51,28.277247
151.44731,51,28.285242
134.13033,51,28.303335
57.44468,65,28.32918
-110.32005,51,28.554877
46.313972,51,28.572368
-83.601746,51,28.578482
-46.28435,51,28.578532
180.07114,51,28.593811
114.99647,51,28.598783
31.197624,53,28.623919
204.49437,54,28.650295
-110.01318,51,28.821536
185.8149,51,28.836008
134.93073,51,28.843315
82.82235,51,28.843361
-114.637054,51,28.858681
-80.100624,51,28.863184
-150.73134,51,28.88792
-60.756744,51,28.912731
-136.08913,51,30.525409
162.18369,51,30.539388
-189.88309,51,30.545817
90.88581,51,30.545879
143.465,51,30.5645
-29.018051,51,30.60887
186.22353,51,30.657017
433.2809,94,30.910521
67.51725,51,30.910577
94.44166,51,30.933347
64.97188,51,30.94253
171.11339,51,30.942621
172.50623,51,30.96596
-96.32026,51,31.007387
-158.80344,61,31.094761
74.63433,51,31.226238
76.89654,51,31.243869
-48.601677,51,31.249192
56.2215,51,31.249243
224.3458,58,31.265456
-127.14803,51,31.265508
224.44084,51,31.300072
36.05164,68,31.486214
104.00834,51,31.520855
70.83598,51,31.538218
189.0383,51,31.544486
123.56277,56,31.59582
137.60709,51,31.602044
205.46503,64,31.644545
301.69806,75,31.692855
-227.06737,52,31.836147
31.543842,51,31.848544
-75.813324,51,31.854857
-161.25201,51,31.905937
126.09692,69,31.90602
-103.39486,51,31.911885
-91.07158,51,31.952483
56.15094,51,31.9999
-120.900185,51,32.129485
129.11026,51,32.13863
-70.940475,51,32.143397
21.366987,51,32.182616
76.72462,51,32.182666
154.52483,51,32.188181
90.92106,51,32.224154
67.68223,51,32.264652
-36.913834,51,32.377841
32.389584,51,32.395355
177.09253,52,32.395401
-11.361297,51,32.437719
25.206373,52,32.442757
45.800076,65,32.514177
61.156586,51,32.520007
133.16908,69,32.564508
210.93156,51,32.633041
73.9694,51,32.648582
71.45105,51,32.648637
-118.468834,51,32.685821
5.942738,51,32.756483
164.22012,51,32.760528
106.17824,51,32.806402
-107.43653,51,32.873463
-32.659157,51,32.88878
229.89168,51,32.888826
93.5968,51,32.93018
-74.95563,51,33.002987
68.04868,51,33.008324
475.41614,120,33.021388
114.50598,51,33.057406
61.91658,51,33.12911
188.40031,51,33.143545
-199.6308,59,33.179691
178.16049,51,33.179735
127.102234,51,33.250744
-15.980579,51,33.273201
127.580635,51,33.305236
349.0293,63,33.31411
180.04991,51,33.367955
-122.72409,51,33.38091
93.13947,51,33.435554
113.66561,51,33.553649
-83.24613,51,33.576816
163.27151,51,33.612927
-41.96442,51,33.623162
561.9343,92,33.692903
110.10934,51,33.702814
136.87392,51,33.743537
78.47422,65,33.759072
181.11888,51,33.815845
175.67946,51,33.835769
63.528305,51,33.874397
63.20735,51,33.885814
104.44355,51,33.945393
146.98979,51,33.958281
-36.610104,51,33.99852
94.43383,51,34.01416
85.159996,51,34.074056
189.54536,51,34.095655
75.94252,51,34.128411
91.88728,51,34.138207
-208.92479,53,34.210039
-106.628265,51,34.247187
81.552246,53,34.272301
25.550383,51,34.320024
-66.02463,51,34.338403
-45.930927,51,34.371317
230.38025,51,34.380788
276.75015,51,34.440351
75.976746,51,34.476065
413.09003,111,34.482781
165.10448,51,34.499918
2.0252118,51,34.546566
-58.50397,51,34.564017
68.43325,51,34.607216
110.7441,59,34.636512
164.96574,51,34.67926
149.9764,51,34.717713
172.45616,51,34.722815
135.5151,51,34.788071
248.79286,63,34.796546
104.487305,51,34.806606
160.49106,51,34.849206
102.41904,51,34.879037
-57.065002,51,34.927798
100.25328,51,34.979711
-144.54965,54,34.991077
45.348988,51,35.053015
145.79642,51,35.066889
96.76536,51,35.076173
-95.05269,51,35.118601
-63.460358,51,35.147078
159.63272,51,35.193145
66.16863,51,35.240074
182.6003,51,35.308614
195.27791,51,35.318506
119.83496,75,35.369162
56.326225,51,35.375435
-217.9112,63,35.393738
77.81701,51,35.465089
99.37291,51,35.514819
77.95624,51,35.599637
69.8078,61,35.67325
67.70624,51,35.673308
174.2859,51,35.678724
212.84789,97,35.68372
-142.1765,51,35.695168
-103.6832,51,35.819289
40.589653,64,35.841542
64.84685,51,35.893831
268.6179,51,35.954225
129.14746,51,35.954272
295.0979,51,35.973324
26.842878,64,36.028196
-29.71034,51,36.081264
284.0851,76,36.088573
278.1048,54,36.126796
77.02609,51,36.170615
73.50234,51,36.242879
110.9955,51,36.242936
198.56325,51,36.333348
179.57587,51,36.438599
179.83698,61,36.457507
261.055,64,36.48499
210.00534,51,36.485047
-108.97133,51,36.565249
-46.35467,51,36.565306
87.152466,51,36.66314
723.58,127,36.75755
-31.993736,51,36.775879
241.98395,51,36.796303
141.12936,51,36.825683
72.23286,51,36.825772
-75.712746,51,36.897557
72.16082,51,36.897623
88.75911,52,36.989167
76.2465,51,37.061779
-103.625084,51,37.080041
-97.524666,51,37.123095
-171.36433,54,37.14011
182.2303,51,37.189716
297.8989,51,37.189764
159.826,72,37.21796
263.54166,51,37.275428
-98.203606,51,37.341055
-47.23783,51,37.355985
-98.731575,51,37.390867
56.9602,51,37.405459
45.723267,51,37.459925
57.00567,51,37.493026
83.29892,51,37.547517
92.64077,51,37.608891
331.9574,81,37.613502
71.606445,51,37.65596
-104.47118,51,37.671063
-150.23308,69,37.709225
151.34131,51,37.715041
178.76543,51,37.739161
250.984,51,37.793392
221.50557,51,37.858749
-64.05153,51,37.863449
-52.21397,51,37.908914
-144.8894,51,37.961804
61.42682,51,37.9667
197.86208,51,37.994415
162.24092,51,38.049252
66.06264,51,38.111958
84.780525,51,38.117865
222.57489,51,38.158876
119.0516,51,38.207616
81.158875,51,38.213171
78.25318,51,38.236839
872.8438,127,38.293642
266.9077,51,38.293687
129.96735,51,38.354389
170.48366,51,38.359888
204.97629,52,38.406676
-68.29718,51,38.454609
156.52802,51,38.459355
60.161674,51,38.480301
-83.659164,51,38.532196
-53.53649,51,38.532242
149.69109,51,38.589952
181.28012,51,38.594995
241.29404,51,38.642499
-27.553192,51,38.690084
-162.69159,51,38.693651
55.665154,51,38.715356
215.36874,59,38.795566
158.48056,51,38.819299
101.37541,51,38.824345
127.11439,51,38.871104
144.23949,51,38.918285
53.638294,51,38.937485
187.03732,91,38.937528
-191.62563,56,39.044924
-27.931877,51,39.044987
96.00826,59,39.089554
-144.32407,51,39.099496
111.42341,51,39.151451
258.9058,51,39.17603
-176.7759,56,39.201426
153.38435,51,39.287917
132.41107,55,39.309531
67.79748,51,39.334121
188.99069,51,39.3429
108.846596,51,39.394482
209.30077,51,39.415573
154.28177,51,39.438159
202.3884,168,39.456473
128.21436,51,39.530275
-86.04019,51,39.551656
281.458,51,39.577512
50.149323,51,39.587672
69.51872,51,39.641092
-55.90732,51,39.666855
-116.05109,51,39.691896
-97.232185,51,39.713009
-108.87925,51,39.780743
-46.86095,51,39.799852
210.56238,51,39.822907
-161.45143,51,39.831151
104.921425,51,39.902011
55.65824,59,39.916969
138.24356,51,39.926095
-72.23181,51,39.944861
-121.01759,51,40.016364
91.951866,51,40.03436
-37.700966,51,40.058256
96.7805,51,40.068304
117.70588,51,40.144112
383.3453,51,40.157613
104.74199,58,40.199326
43.056232,56,40.208339
168.52495,51,40.253689
253.2589,51,40.295396
70.38051,51,40.306207
146.99408,51,40.377462
-72.51148,51,40.39285
58.69605,51,40.434749
93.31726,51,40.444841
769.36,89,40.449476
108.0369,51,40.488498
69.943405,51,40.53147
96.76627,51,40.542088
157.26788,51,40.613503
93.915085,51,40.627297
130.82513,51,40.674828
155.36693,51,40.67978
-63.947495,51,40.720791
-130.3273,51,40.764483
67.144424,51,40.777886
202.79826,51,40.851383
210.08403,91,40.856712
213.32112,53,40.875384
142.8612,51,40.918559
-194.60558,51,40.923831
154.36945,51,40.962687
146.38934,51,41.003219
-58.47016,51,41.012322
203.13766,51,41.086333
167.62573,51,41.110389
126.509796,55,41.110433
-132.55045,51,41.153528
-152.10794,51,41.159281
-69.539116,51,41.202634
104.05216,52,41.255667
235.09811,67,41.319203
83.56867,51,41.350192
-91.85445,51,41.350239
-148.93613,51,41.398181
106.808815,67,41.404147
-51.27858,51,41.442604
-83.22242,51,41.500092
326.6631,85,41.562579
-58.234646,51,41.567455
85.67063,51,41.599424
91.05744,51,41.599471
190.35046,51,41.686773
175.0853,51,41.696456
189.42384,51,41.752864
-157.26904,51,41.833844
115.69985,51,41.906455
193.75073,54,41.921083
-151.48976,51,41.950804
-81.53565,51,42.005691
-155.62209,51,42.010771
147.28539,51,42.056072
-0.51294667,51,42.119331
222.46346,51,42.182662
-138.00066,51,42.19433
233.05508,97,42.194382
159.58075,51,42.217107
70.702286,51,42.268525
223.95541,51,42.311339
-133.02385,51,42.428512
35.026833,51,42.438195
329.9996,51,42.43826
65.52939,51,42.472708
-291.09503,92,42.488286
130.04332,51,42.566448
34.491573,51,42.62943
39.22683,51,42.766384
-142.70164,51,42.777842
-82.28962,51,42.777893
-135.80692,51,42.803268
85.046844,123,42.80987
135.7927,51,42.809916
259.4252,51,42.855742
-72.23753,51,42.898925
168.29555,51,43.038339
-152.98027,51,43.061306
94.48908,51,43.065518
-25.673758,51,43.109857
44.75056,51,43.155489
244.31383,78,43.201516
-296.10382,89,43.216211
362.58377,90,43.230043
145.8557,51,43.283389
112.538956,51,43.305725
67.756935,51,43.311139
-174.06734,51,43.352009
-178.3511,51,43.394726
-67.53207,51,43.435393
-125.88859,51,43.449232
116.548904,51,43.462711
22.530006,51,43.516941
182.64633,51,43.539725
286.83655,51,43.545004
-48.47834,51,43.589296
88.412895,51,43.628743
-25.782064,51,43.672538
167.28915,51,43.689016
-79.206505,51,43.704242
69.80673,51,43.7586
117.82999,52,43.784265
-212.39508,51,43.78431
-69.42518,51,43.824315
192.17943,51,43.869892
17.875725,51,43.90958
38.630444,51,43.92504
-40.090893,51,43.938267
30.90756,51,43.993726
52.0165,51,44.020835
64.5918,51,44.020881
213.87787,55,44.083011
48.101128,51,44.106676
82.56472,51,44.147251
8.288729,51,44.176626
-182.20245,62,44.214407
208.37207,55,44.248927
213.11299,51,44.257356
236.98576,51,44.257402
152.35098,51,44.314236
258.76562,66,44.408568
71.86996,51,44.408619
-56.129143,51,44.446162
97.19734,51,44.48382
73.38665,51,44.494255
69.95344,51,44.494299
111.70227,51,44.553645
450.0996,105,44.636549
-127.017105,51,44.65018
262.82376,53,44.659128
245.59766,51,44.687749
78.61495,51,44.724456
145.10715,51,44.735773
201.08965,51,44.735817
54.504246,51,44.877585
-61.411793,51,44.893542
68.03077,51,44.902925
142.54802,51,44.929285
100.847565,85,44.956455
138.00682,51,44.974735
245.53996,51,44.974782
-113.39858,51,45.125458
190.40054,51,45.138392
183.92882,54,45.162948
-118.95447,51,45.176826
145.3139,51,45.208063
-87.55257,51,45.227757
-81.18913,51,45.227821
118.36566,114,45.273566
24.283516,51,45.368789
142.98616,51,45.381662
177.15468,51,45.406323
187.37675,51,45.447841
79.53644,51,45.465963
65.58849,51,45.466008
69.22725,51,45.511952
328.05573,76,45.5364
74.25939,51,45.608083
69.30085,51,45.622749
71.15487,51,45.646523
137.71591,51,45.687079
284.02228,51,45.707682
133.39746,51,45.774657
-101.73623,51,45.843564
327.41382,74,45.857847
-63.14418,51,45.857891
182.60664,51,45.882281
496.15237,91,45.891053
113.61886,51,45.924281
67.199326,51,45.942302
169.63268,51,46.016031
55.787292,51,46.084021
89.425446,51,46.098351
-105.62682,51,46.098394
89.05917,51,46.12461
66.81101,51,46.133844
-112.0323,51,46.182016
-209.46434,59,46.19998
61.789196,51,46.253728
174.66843,51,46.322716
55.984314,51,46.337439
153.66287,51,46.337483
77.70181,51,46.361346
-147.00418,51,46.41417
247.63815,59,46.465375
-261.5635,75,46.46958
-130.00018,51,46.479045
53.859013,51,46.546065
-2.6163323,51,46.559662
173.12743,51,46.559707
-68.76947,51,46.585366
53.46877,51,46.646469
147.29663,51,46.699643
-138.56989,51,46.715122
-59.12951,51,46.784684
226.30975,51,46.798564
154.7909,51,46.798619
-101.70634,51,46.883362
113.38809,89,46.883408
485.2663,70,46.910049
-138.2465,51,46.954407
63.079563,51,47.022333
70.13912,51,47.039836
-149.15967,51,47.039884
193.60979,51,47.123005
119.98223,51,47.123052
419.5864,96,47.15176
186.57738,51,47.267873
64.352486,51,47.282716
133.32579,51,47.282766
346.0172,85,47.358677
211.68517,51,47.368834
-118.11309,51,47.368878
72.44006,51,47.399795
150.25696,105,47.411686
-176.16371,51,47.503129
113.418915,51,47.517625
88.85198,51,47.59228
206.23904,51,47.603157
-165.23347,54,47.616171
274.79736,72,47.616215
-97.85769,51,47.631957
72.020195,51,47.645173
-139.33374,51,47.750058
116.02692,51,47.765684
166.98897,51,47.841974
33.09802,51,47.852895
68.909676,51,47.866379
72.8451,51,47.878505
140.27376,51,47.891072
109.75376,62,47.913329
217.6949,52,47.998839
-135.94887,51,48.008987
-87.08457,51,48.087688
-68.88785,51,48.097281
-57.142784,51,48.125396
116.652596,51,48.140115
60.32346,51,48.164973
134.11241,73,48.222281
-28.327942,51,48.251824
51.637825,51,48.263222
42.055508,51,48.340335
153.25401,51,48.351157
87.93941,51,48.377158
246.62167,51,48.390162
261.94803,51,48.41287
178.75937,51,48.463
-79.43816,51,48.490224
127.47262,51,48.498663
105.95555,51,48.570894
-163.77763,56,48.60765
103.54363,51,48.612866
1.3316989,51,48.649574
237.85608,60,48.667647
72.54743,51,48.724978
-144.43756,58,48.729182
-148.09554,51,48.734578
84.92741,51,48.808808
80.91278,51,48.84282
-63.594852,51,48.848139
-144.59686,53,48.893989
138.65388,51,48.903924
188.34839,51,48.964564
77.87216,51,48.970313
16.423117,55,48.996565
217.79709,51,49.051835
186.00443,51,49.083276
71.026436,51,49.088023
86.89796,51,49.135781
84.291916,51,49.144804
-38.133526,51,49.209198
74.78387,51,49.234821
115.88422,51,49.28916
136.18427,75,49.316616
199.80702,51,49.321401
-27.382019,51,49.326308
20.22144,51,49.374866
-104.50122,51,49.385635
113.05347,51,49.474234
274.0005,65,49.519363
-144.25229,51,49.533423
-173.55995,51,49.560014
289.67065,51,49.56624
76.95593,51,49.57167
95.576935,51,49.618886
-72.0044,51,49.629622
65.96337,51,49.713208
138.70546,51,49.753434
51.855972,51,49.76949
-76.50152,51,49.804306
95.48811,51,49.809708
252.46394,51,49.857509
341.96344,65,49.86666
67.913574,51,49.866706
120.64766,51,49.950732
-78.36881,51,49.99595
51.69421,51,50.010423
32.518597,51,50.041565
69.106865,51,50.045921
176.24728,51,50.096931
59.64928,51,50.108363
103.665344,57,50.137215
150.97208,51,50.196357
47.490273,51,50.237853
311.2737,51,50.251197
222.88683,51,50.282984
-38.157654,51,50.288278
-76.644936,51,50.334004
69.00322,51,50.343346
81.98908,51,50.372696
194.71603,51,50.434152
-63.52386,51,50.475906
116.35239,51,50.49255
87.44294,51,50.524958
355.76282,51,50.581155
42.353687,65,50.601779
222.5995,58,50.62343
-160.27356,51,50.676636
-253.82265,70,50.706102
-74.215454,51,50.719379
202.92769,51,50.732879
57.85826,51,50.763575
83.134865,51,50.819759
-163.64258,55,50.856206
150.94936,51,50.860092
-95.48985,51,50.917351
255.75232,51,52.295125
118.007065,51,52.3064
64.85292,51,52.317668
115.17141,51,52.389787
75.8202,51,52.422358
271.31052,51,52.426631
373.82486,76,52.44811
-197.88823,51,52.499984
186.60452,51,52.512784
78.29089,51,52.527835
-215.76013,69,52.554779
211.27951,51,52.605441
158.58873,51,52.646427
-117.864494,51,52.650891
-67.028114,51,52.673893
92.972435,51,52.733908
307.05515,51,52.747052
-128.93182,51,52.760567
-52.955795,51,52.790199
241.1728,51,52.845722
215.47202,51,52.880315
216.8658,51,52.884523
182.73138,51,52.910482
99.5967,51,52.971085
211.39507,54,53.001482
183.92297,51,53.001545
72.324165,51,53.030748
156.41429,51,53.084595
-159.20271,51,53.122676
58.513573,51,53.152044
331.84644,66,53.200857
98.74737,51,53.213914
140.925,51,53.241747
200.9107,59,53.281438
309.27316,60,53.314548
114.361534,56,53.351474
101.81568,51,53.366187
176.0944,51,53.392868
-112.16098,51,53.437743
78.57717,51,53.451679
18.793938,51,53.477374
67.16441,53,53.525585
72.64151,51,53.549048
118.000824,51,53.691736
68.42799,68,53.709841
-77.99244,51,53.718435
209.16339,61,53.722969
88.93233,80,53.723011
362.97876,79,53.731325
74.13453,51,53.763675
206.231,51,53.790782
117.21765,51,53.931667
-132.50095,51,53.950185
148.69421,51,53.960948
76.23246,51,53.965851
223.99925,53,53.976699
214.79501,51,53.976745
88.69425,51,54.031905
55.682274,52,54.176712
143.22061,51,54.191369
-118.46841,51,54.200894
402.2624,93,54.206548
27.354128,51,54.206604
60.376507,51,54.215941
-27.595963,51,54.215989
-77.32598,51,54.2741
38.69249,51,54.423705
197.10443,51,54.436458
209.67189,51,54.446071
92.482635,51,54.450707
68.19906,51,54.450772
111.981995,51,54.461313
346.66806,51,54.461362
267.3358,51,54.514741
77.192276,51,54.658786
75.618744,51,54.673465
278.1813,51,54.684371
298.8194,51,54.689598
185.24931,51,54.689641
99.11721,51,54.700166
-72.554436,51,54.758318
-207.83409,64,54.766368
103.319954,51,54.911691
96.02822,51,54.925965
276.65628,51,54.935962
70.431564,51,54.941474
157.37512,51,54.94152
163.0779,51,54.951172
75.58695,51,55.011963
69.66702,51,55.016944
89.34482,51,55.151319
148.0093,51,55.167191
168.15019,51,55.177179
59.646122,51,55.182419
-58.475025,51,55.18247
47.82886,51,55.192291
126.96449,51,55.249701
123.02989,51,55.254308
-110.695854,51,55.394719
181.43166,51,55.418448
256.35678,51,55.423932
216.32089,51,55.434135
-55.67507,51,55.48898
-228.46303,66,55.494173
72.57269,51,55.494242
145.95976,70,55.500125
-67.984886,51,55.637581
152.67033,51,55.660604
61.742126,51,55.665851
76.745346,51,55.730112
-104.98601,51,55.734953
217.4958,51,55.740666
211.98814,59,55.771119
301.42426,74,55.781204
-132.26677,51,55.882268
66.11931,51,55.970474
182.93747,51,55.976431
253.14906,67,55.981674
-124.49169,51,55.981719
162.31851,56,56.040908
-176.05692,67,56.103894
-91.07988,51,56.121056
-373.42566,114,56.201208
-47.93092,51,56.216023
135.30157,51,56.22086
-65.94687,51,56.226382
278.98953,51,56.226443
125.911606,51,56.282627
-90.15436,51,56.344387
102.219284,51,56.362757
10.891107,51,56.44465
370.0535,51,56.459978
-131.25905,51,56.464267
33.9793,51,56.469512
-31.941692,51,56.469574
89.91389,51,56.533926
427.8422,58,56.643014
89.53056,51,56.691773
80.089485,51,56.706272
60.064724,51,56.712178
64.25877,51,56.718374
176.1069,82,56.740104
180.55928,51,56.770274
361.7097,83,56.858705
-26.40324,51,56.874368
168.6721,51,56.917655
127.14548,51,56.929922
72.51093,51,56.934148
115.064545,52,56.943412
68.798,51,56.960613
229.1244,51,56.992078
291.11646,51,57.093004
236.0694,52,57.172408
69.79582,51,57.196136
48.717674,68,57.201859
254.08118,57,57.211105
131.0589,59,57.225489
-190.92053,53,57.25592
262.5653,64,57.274851
274.97992,51,57.347992
96.35444,51,57.416973
-151.1967,51,57.441974
-78.26489,51,57.446999
124.724754,51,57.469711
-8.0967,51,57.500664
233.65173,56,57.543851
171.97539,51,57.58327
-295.17123,81,57.592526
164.96777,51,57.652364
191.75081,51,57.676074
19.830154,51,57.68107
-110.22712,51,57.704798
111.8258,55,57.792824
73.853676,51,57.824606
307.7373,85,57.888291
192.72284,54,57.897705
61.26958,51,57.908314
-141.2195,58,57.969357
202.89864,92,58.006952
-295.12296,76,58.02985
-66.56911,51,58.029898
-18.330374,51,58.063981
-140.3735,51,58.130422
64.40576,51,58.138604
92.135414,51,58.148536
206.74654,52,58.217554
58.128433,51,58.253417
29.461796,51,58.276222
-125.20658,51,58.276266
-179.65509,58,58.343912
185.64986,51,58.376947
250.45001,51,58.386388
66.88837,51,58.396279
99.53456,51,58.465041
101.35527,51,58.496282
-172.66722,51,58.516168
-170.34148,51,58.516212
-190.38052,57,58.603362
132.96143,51,58.608394
15.152857,51,58.617043
190.57748,51,58.62575
150.27019,51,58.69185
46.774265,51,58.72369
174.87819,51,58.746219
67.75618,56,58.769768
107.76285,51,58.838864
59.625362,51,58.846206
62.4775,51,58.857213
62.81576,51,58.866898
164.9042,51,58.92825
114.20297,51,58.961872
177.3465,51,58.984805
177.8167,51,59.008039
108.72204,51,59.077498
84.41467,51,59.081829
92.17326,51,59.090901
-151.72688,51,59.09966
-19.098156,51,59.163914
175.00859,51,59.197186
60.843075,51,59.241249
64.58321,51,59.308988
70.22906,51,59.313042
94.353745,51,59.320671
108.0878,52,59.332164
-26.700922,51,59.388469
-95.79652,51,59.418553
-97.414566,51,59.540109
110.11257,53,59.54475
-57.709293,51,59.550577
73.90664,51,59.565258
521.03186,131,59.580301
41.34798,54,59.643519
368.64032,94,59.67289
151.79718,51,59.792218
174.66606,51,59.796506
106.469,51,59.800654
306.35077,83,59.819132
177.01477,51,59.828208
139.32965,51,59.895768
437.5317,69,59.905429
-137.84558,51,59.922475
169.84827,51,60.042322
151.74164,51,60.047819
-148.62524,52,60.059815
88.5676,51,60.084197
409.11743,61,60.121219
177.93156,51,60.142396
-86.520905,51,60.15116
-102.9024,51,60.280979
313.94318,78,60.295214
-142.81285,53,60.295259
188.05722,51,60.319167
17.180698,68,60.373647
120.68755,51,60.378145
117.40449,51,60.387859
23.775545,79,60.490833
-134.65324,51,60.535944
124.84971,53,60.544369
197.14348,51,60.558106
55.163258,51,60.618893
40.525124,59,60.675009
-293.48776,89,60.708557
177.85878,51,60.739436
422.45956,80,60.767332
109.36203,51,60.791288
-72.84013,51,60.800678
80.35963,51,60.814626
-206.81012,51,60.87306
-97.365166,51,60.927107
-111.36085,51,60.959187
-45.61426,51,60.991884
-48.1901,51,61.023451
74.870255,51,61.051208
-150.82314,55,61.060211
-46.233746,51,61.065396
-98.67112,51,61.174171
285.5579,51,61.211733
110.757454,56,61.266876
-59.458614,51,61.272017
118.126175,51,61.302146
70.970055,51,61.312747
396.09167,56,61.338374
-125.112274,51,61.424078
69.814354,51,61.4578
439.22778,122,61.467205
180.444,51,61.515904
-187.67184,53,61.520185
-127.5075,51,61.545453
76.57173,51,61.556449
68.06093,51,61.58119
-54.79665,51,61.665364
113.77793,51,61.697287
230.7712,51,61.707853
165.65121,51,61.759321
337.76453,51,61.780856
-57.325317,51,61.789801
-230.10542,65,61.817899
40.281273,51,61.817962
-154.56053,52,61.90324
69.83829,51,61.931977
253.5145,51,61.940272
237.3762,51,61.991813
78.497406,51,62.025514
118.23103,51,62.054079
-180.0269,66,62.089309
155.80388,51,62.172156
39.684574,78,62.181391
86.93966,51,62.181438
350.27145,63,62.201393
-81.026886,51,62.23554
66.84724,51,62.268267
66.25383,51,62.297744
89.05321,51,62.329979
71.5881,51,62.412107
-106.80405,51,62.422304
216.17952,51,62.422347
99.89812,51,62.442051
169.76234,51,62.476138
15.610548,51,62.542975
92.42671,51,62.575386
176.16875,51,62.662422
72.07452,51,62.673136
72.838066,51,62.673181
145.82391,51,62.690444
222.9239,51,62.723159
443.0992,105,62.770378
272.6786,51,62.785243
79.711716,51,62.817229
-24.035286,51,62.897994
161.58722,51,62.908503
158.42627,51,62.908548
148.36328,51,62.926897
250.05219,59,63.000251
-117.92775,51,63.01038
171.64577,51,63.027124
231.78857,51,63.058935
-52.3099,51,63.145227
115.07729,51,63.15474
228.7034,51,63.154786
189.34143,51,63.17176
60.19425,51,63.241437
-38.453484,51,63.251439
155.36949,51,63.264598
208.98935,56,63.317176
74.82004,51,63.414617
-105.441475,51,63.432112
154.57002,51,63.432178
69.38383,51,63.456337
121.68228,51,63.550965
82.88219,51,63.580266
101.13369,62,63.620923
170.21962,51,63.640846
198.77116,51,63.704314
185.30696,51,63.713193
-109.55705,51,63.713241
126.2337,51,63.810218
-63.35692,51,63.834336
82.67362,51,63.874674
70.49203,51,63.893167
-177.75389,51,63.954998
234.15234,51,63.967355
-195.02618,54,63.980452
-309.1426,105,63.999453
164.9975,51,64.059099
153.4227,51,64.081991
73.68532,64,64.180557
250.6466,61,64.185861
109.977135,51,64.198634
139.14027,51,64.208273
-52.070423,51,64.220387
100.32932,51,64.237486
64.10436,51,64.293391
24.23344,51,64.317267
74.27236,51,64.414017
64.485085,51,64.418976
-110.55158,51,64.431811
223.62677,51,64.4415
192.95743,51,64.456993
63.23862,51,64.476091
96.41467,51,64.533362
138.0784,69,64.641268
72.38664,51,64.656698
70.17569,51,64.663116
134.78337,51,64.681423
-90.81052,51,64.690102
71.84741,51,64.706122
87.41318,51,64.723153
65.31716,51,64.783286
168.49802,51,64.882264
64.239136,51,64.89563
48.518093,51,64.901096
226.38861,51,64.923864
240.1428,51,64.938724
448.80408,63,65.01375
-155.64983,54,65.027285
127.93048,51,65.117507
-55.31588,51,65.132273
135.63165,51,65.137374
396.7078,103,65.155022
27.944805,51,65.159664
183.9563,51,65.176739
-29.031918,51,65.256466
39.03961,51,65.271909
102.82136,51,65.368308
99.48459,51,65.384283
-54.197266,51,65.390079
-131.46648,51,65.411114
-111.23285,51,65.416732
76.96329,51,65.431919
166.1973,51,65.520191
218.88356,72,65.600899
104.53108,51,65.609015
65.87718,51,65.6225
63.173996,51,65.627553
42.101414,51,65.64539
-38.64241,51,65.649796
60.84152,51,65.664109
90.85116,51,65.749792
91.70832,51,65.829717
191.74918,51,65.840916
150.05324,51,65.85469
163.25655,51,65.859813
195.86467,51,65.878308
-117.540634,51,65.899559
135.3509,60,65.929105
143.56023,51,65.993223
207.86992,51,66.076289
-2.1404815,51,66.085285
196.64142,51,66.100405
134.0611,51,66.10542
-61.6192,51,66.143357
-114.03078,51,66.169278
-139.34923,51,66.232101
318.3643,76,66.242078
194.26431,51,66.317944
99.74913,51,66.327364
291.7903,51,66.344001
129.13861,51,66.348988
193.14839,51,66.41186
334.35547,63,66.439691
-58.495655,51,66.473065
151.1405,51,66.482817
218.85983,51,66.574537
114.909615,56,66.588581
30.874187,51,66.662279
316.63602,66,66.662343
-127.49074,51,66.690213
240.1574,78,66.724495
-84.91254,51,66.724539
-108.631546,51,66.734108
67.47803,51,66.817545
54.662094,51,66.831941
56.522945,51,66.905704
181.96097,51,66.90575
28.88245,51,66.941079
142.13745,51,66.980932
240.2691,51,66.980984
174.01347,51,67.077527
78.2003,51,67.09333
236.88678,51,67.169676
81.60154,51,67.196056
166.71854,51,67.231085
145.52228,51,67.231128
368.7295,101,67.235321
-174.8866,73,67.271721
233.71024,51,67.323505
206.64384,51,67.340195
40.957546,51,67.437893
-77.567375,51,67.470994
178.00597,51,67.471038
24.927631,51,67.47573
244.57535,51,67.512698
336.4565,85,67.565618
60.49579,51,67.574379
99.48716,57,67.587294
149.8539,51,67.664113
57.353012,51,67.695282
76.44064,51,67.69533
73.70521,51,67.700249
60.436993,51,67.740156
72.99646,51,67.793174
148.54105,51,67.802252
64.51799,60,67.868339
175.33182,51,67.907895
79.32502,51,67.945052
39.79386,51,67.945106
50.625397,51,67.950244
72.059006,51,67.98864
173.9537,51,68.04776
80.54955,51,68.056334
-224.71004,55,68.128891
90.575775,51,68.153783
91.35884,51,68.189222
86.8316,51,68.189267
116.053474,51,68.194271
164.81108,51,68.230371
144.13007,51,68.287844
-39.332752,51,68.298574
-189.15685,51,68.376226
13.390921,51,68.39955
163.02107,51,68.434077
138.99078,51,68.434119
214.09595,51,68.438846
-87.4911,51,68.4773
-115.87559,51,68.532295
148.7205,51,68.542109
20.819365,51,68.616778
28.071642,52,68.646429
-123.27807,51,68.672999
-115.823425,51,68.673044
51.03505,51,68.677508
71.319664,51,68.714085
-111.10645,51,68.765601
-112.98341,51,68.850453
65.90865,51,68.879384
163.0528,51,68.905885
76.70512,51,68.91073
72.680405,83,68.925187
91.38283,51,68.94728
66.81162,51,69.004133
146.87755,85,69.065966
-125.506,51,69.090453
73.71475,51,69.117202
-96.60505,51,69.146031
-104.60238,51,69.151266
161.69322,51,69.18899
77.66726,51,69.244207
45.604324,69,69.249216
-7.06502,51,69.305281
158.85342,55,69.346237
-118.35192,51,69.355599
71.81453,51,69.387107
81.46022,51,69.424475
301.95013,65,69.447529
79.043396,51,69.48162
-114.620575,51,69.48678
-75.37679,51,69.547054
-93.305885,51,69.592319
111.69041,51,69.603381
97.38978,51,69.642399
73.31605,51,69.687452
62.09498,51,69.747192
355.67944,51,69.753107
214.95616,63,69.775267
75.42617,51,69.814943
99.27396,52,69.860171
-110.38993,51,69.86531
98.00309,51,69.899281
129.23116,51,70.000953
84.16281,51,70.019249
213.9878,57,70.023888
74.08182,51,70.058689
339.9821,83,70.09623
77.56817,51,70.110246
-114.24997,51,70.148711
230.37701,63,70.175435
-105.82704,51,70.247386
13.994378,51,70.267077
163.97443,51,70.30432
36.92747,64,70.329187
181.22716,54,70.348603
-140.77519,51,70.348649
173.7249,51,70.388585
103.52018,51,70.412935
11.041502,51,70.489738
-150.00137,51,70.508904
176.5838,51,70.544683
194.78455,51,70.574336
93.919426,51,70.592137
-154.61823,51,70.592182
111.468666,51,70.629137
68.78541,51,70.653576
195.1209,51,70.733166
100.665276,51,70.750135
17.646881,51,70.787653
-129.04942,51,70.814668
56.909687,51,70.831989
96.82032,51,70.832033
29.972193,51,70.870194
117.012726,51,70.893385
158.08693,51,70.964284
95.90714,51,70.98106
51.055794,51,71.020813
-20.853645,51,71.048922
72.60842,51,71.067307
88.12938,51,71.067351
14.299211,51,71.105167
70.28819,51,71.127768
49.109158,51,71.195991
69.88523,51,71.213492
122.83317,51,71.246352
182.55728,51,71.272878
-70.2802,51,71.29068
113.96153,51,71.290726
-13.00685,51,71.327028
102.51706,51,71.350456
135.91762,51,71.425168
103.70479,51,71.442877
84.25074,51,71.503066
240.633,51,71.522579
63.25714,51,71.522631
-177.46912,63,71.5333
128.54964,51,71.562136
131.71017,51,71.582621
111.05461,51,71.659357
-58.48403,51,71.680934
71.069,51,73.10101
-105.64019,51,73.11644
-78.086334,51,73.116481
206.6528,51,73.124053
193.11266,51,73.168835
297.67148,67,73.211446
134.25342,51,73.232746
-157.45532,51,73.24824
-148.1266,51,73.306737
236.92406,51,73.325072
156.86958,51,73.332987
106.496544,51,73.377206
-108.372444,51,73.424477
142.88716,51,73.450033
-166.47,51,73.46644
410.7188,90,73.490766
135.42259,51,73.524216
147.27664,51,73.543803
-48.06134,51,73.553271
78.99652,51,73.603496
90.53381,51,73.656094
-131.25548,51,73.678899
201.13007,51,73.696553
-94.18648,51,73.722194
27.429832,51,73.760225
236.59566,51,73.779469
75.72453,51,73.788056
219.11734,51,73.836683
104.24938,51,73.891951
120.248665,55,73.93289
172.00356,51,73.961429
-87.64748,51,73.997825
71.80548,51,74.106722
201.6725,53,74.126639
48.223354,75,74.135498
-81.3529,51,74.170079
4.3526073,51,74.2214
76.25203,51,74.263529
189.31606,51,74.28992
32.04736,51,74.327306
171.26979,51,74.346354
193.75342,51,74.364008
68.79572,62,74.428416
63.759274,51,74.464531
74.46891,51,74.505977
-100.23494,51,74.534508
101.8387,51,74.57565
353.8433,90,74.598877
81.57454,51,74.614243
148.62798,58,74.629884
118.11522,51,74.678809
243.66295,51,74.709946
90.92622,51,74.752684
231.85881,51,74.817797
68.048546,51,74.840122
159.86455,51,74.854138
-68.95345,51,74.869789
302.55676,77,74.904853
122.73522,51,74.921206
-79.6802,51,74.956872
180.44081,51,75.008252
76.33827,51,75.08653
161.859,51,75.116516
126.245544,56,75.153402
-102.45297,51,75.180775
-107.74904,51,75.195503
219.67778,51,75.2785
205.19176,81,75.298976
82.442535,51,75.345718
144.32138,77,75.359216
-107.5773,51,75.368979
-49.46584,51,75.405984
122.37619,51,75.429
98.009575,52,75.4449
68.09126,51,75.519957
153.66313,51,75.538765
-52.675632,51,75.604442
83.87294,51,75.61351
281.41052,59,75.628169
245.73212,51,75.651342
169.85655,51,75.677043
193.85353,51,75.76961
244.60483,70,75.790884
99.66668,51,75.790927
45.029743,51,75.851449
-129.67766,51,75.8755
-165.29022,61,75.910421
82.1483,51,75.923509
-183.48773,51,76.008537
133.28398,51,76.027238
166.1141,51,76.027283
52.165558,51,76.091184
78.70036,51,76.115771
228.84143,102,76.137012
-5.7943687,51,76.14749
-93.25548,51,76.160656
-140.66104,51,76.253305
-114.6321,51,76.270937
-91.51224,51,76.270984
243.6981,51,76.33034
52.015556,51,76.355846
-154.63751,52,76.38399
71.41842,51,76.402639
119.773224,51,76.491715
-120.65344,51,76.511614
423.12775,83,76.541235
-60.16154,51,76.580027
216.5654,51,76.633453
-230.24918,77,76.644221
83.514175,51,76.653776
86.98592,70,76.697053
196.95847,51,76.759464
-159.69849,55,76.759509
-53.477497,51,76.788025
101.1346,51,76.824837
-96.8778,51,76.874694
154.16544,51,76.884013
63.514008,51,76.892455
264.64365,51,76.936234
85.38352,51,77.001494
253.9136,51,77.032084
29.617,51,77.115615
45.512733,51,77.126644
121.7987,66,77.13657
-138.41914,51,77.136625
246.052,51,77.179264
-27.239014,51,77.249871
29.652987,51,77.280119
468.2184,120,77.334266
-96.18005,51,77.361964
169.06764,51,77.370376
-60.590096,51,77.380555
-177.67497,51,77.380606
58.35025,51,77.4243
79.62508,51,77.489863
-192.7478,51,77.520018
69.14709,51,77.572647
-100.69535,51,77.60024
83.62317,51,77.610483
-51.42492,51,77.620864
207.26857,52,77.626498
243.1921,64,77.724739
74.88242,51,77.729938
257.38626,56,77.780674
103.20675,51,77.840066
146.12505,51,77.849524
55.578045,51,77.859834
97.845375,52,77.870158
345.69397,70,77.901489
-37.582195,51,77.964399
-113.319756,51,77.969596
-125.10812,51,78.022606
90.056046,51,78.08011
-56.77179,51,78.090528
111.39876,51,78.102469
72.27245,51,78.112401
227.5905,51,78.146086
153.2911,51,78.210666
-192.73764,60,78.263905
88.15963,51,78.273291
133.14928,51,78.334744
182.94258,51,78.343864
139.77928,64,78.412232
247.28824,63,78.417013
163.35062,51,78.454981
59.16423,51,78.505646
-44.344948,51,78.516499
180.31178,84,78.55452
73.623505,51,78.580002
60.34795,51,78.592231
143.22823,51,78.662743
124.02747,58,78.70046
-25.338749,51,78.705214
94.85934,51,78.755221
145.69278,51,78.76426
-102.30459,51,78.824192
80.461845,51,78.834351
238.794,53,78.911006
76.139755,51,78.943373
95.15734,51,78.948636
-321.26947,89,78.979579
96.523994,51,78.997018
187.61385,51,79.006983
136.96245,51,79.069658
72.86792,51,79.079843
178.86282,51,79.162869
101.26511,51,79.189322
-80.718216,51,79.225564
-54.845837,51,79.250906
142.89297,51,79.313161
65.3987,51,79.322807
201.8655,92,79.388445
409.0574,83,79.39289
53.521732,56,79.448083
81.954796,51,79.46345
155.65761,67,79.474874
74.746376,51,79.488626
70.35491,51,79.552144
74.78191,51,79.561935
148.45305,51,79.628874
217.95683,51,79.634662
102.1885,52,79.713346
214.12196,51,79.733531
63.758442,51,79.751218
39.07919,63,79.788413
127.64128,51,79.820576
-205.76549,51,79.899826
28.690218,51,79.905188
-81.85384,51,79.97537
61.505383,51,79.997694
91.69932,51,80.013811
69.14976,51,80.047675
132.45287,51,80.080935
210.0114,51,80.161196
377.4867,53,80.253745
479.42877,68,80.259472
199.3849,51,80.264447
103.591,51,80.279051
87.23704,145,80.311852
65.35454,51,80.339837
215.20572,60,80.352983
240.32654,51,80.41226
208.50945,51,80.49124
90.26413,51,80.496522
75.27662,51,80.501859
-33.4865,51,80.515688
117.56339,51,80.578141
70.6301,51,80.594198
70.611145,51,80.656579
195.69926,78,80.682219
158.17484,51,80.738706
102.26516,51,80.743336
-133.75298,51,80.747428
97.143394,51,80.822854
144.35101,65,80.828084
-92.00635,51,80.840949
143.64815,51,80.903692
78.33436,51,80.924867
93.5998,51,80.98774
188.4524,51,80.992879
130.793,56,81.007014
19.622143,51,81.070917
87.204094,51,81.075776
69.809555,51,81.145764
14.420223,66,81.15448
-2.6800044,51,81.167787
173.21544,51,81.232289
74.839035,51,81.237078
191.65526,51,81.249418
79.28213,51,81.306373
223.04921,51,81.310478
-146.29315,51,81.389539
165.66711,51,81.408147
56.40909,51,81.464167
200.57362,51,81.469297
58.356,51,81.48455
-232.77147,82,81.52739
55.659252,51,81.545992
198.87949,51,81.550378
-86.92877,51,81.632746
328.40848,62,81.701028
91.61226,51,81.711281
-231.56825,51,81.715858
80.31043,51,81.731635
-19.315203,51,81.77222
172.40799,51,81.792137
185.1512,51,81.797267
-154.46858,51,81.874596
-52.78696,51,81.976697
183.55193,51,82.002324
-89.26351,51,82.012774
-89.38443,51,82.032721
149.26353,51,82.095801
161.388,51,82.118825
82.81739,51,82.125398
63.959988,51,82.218427
66.54108,51,82.297153
166.96349,51,82.31001
192.82248,51,82.314879
60.82916,51,82.32861
189.66643,51,82.37691
235.6026,51,82.398718
70.65292,51,82.406577
148.75035,51,82.49093
-47.032753,51,82.567626
52.781742,51,82.583486
161.7975,52,82.583534
85.58131,51,82.665292
168.55751,51,82.67047
254.08723,69,82.694236
118.26722,60,82.694284
-65.65461,51,82.755886
61.3188,51,82.83053
62.26674,51,82.845621
60.32427,51,82.845668
70.09314,51,82.926079
140.13933,51,82.951618
-246.88672,81,83.091471
106.034035,51,83.096893
168.8155,51,83.112323
100.91882,77,83.164095
61.058147,62,83.175893
-106.21613,51,83.204465
103.19365,51,83.269272
427.26642,122,83.415569
128.8506,51,83.44972
48.544804,51,83.45756
108.94404,51,83.524601
154.40054,51,83.534992
234.40623,52,83.57031
154.9306,78,83.618886
201.93105,59,83.629117
-151.98384,51,83.720023
60.63996,51,83.779977
187.56752,51,83.790865
28.34674,51,83.819764
78.18811,51,83.867239
55.84218,51,83.875541
428.82724,85,83.879722
65.68154,51,83.968034
-119.07842,51,84.027906
502.97894,121,84.027953
79.52888,51,84.037312
-69.35265,51,84.118953
-55.0577,51,84.127731
-154.76968,51,84.132632
162.06717,51,84.213864
284.07077,51,84.269455
84.50144,51,84.269501
117.52274,51,84.279107
415.43332,104,84.315506
106.9197,51,84.353256
206.034,51,84.367864
-62.007374,51,84.454262
64.24925,51,84.514769
93.36439,51,84.525517
471.9338,90,84.556712
148.37798,51,84.566836
32.748466,66,84.59105
-52.864815,51,84.622523
-155.67511,61,84.655394
168.50809,51,84.709939
83.647575,51,84.765252
-65.33696,51,84.776488
170.49394,51,84.813148
67.12246,51,84.903896
174.02164,85,84.975796
134.23961,51,85.018145
194.86122,51,85.028977
323.70047,68,85.04675
287.35672,54,85.085413
455.209,103,85.098538
214.91924,97,85.098607
204.51332,52,85.164533
-125.404305,51,85.224682
74.72837,51,85.277309
261.16248,62,85.316047
164.76752,51,85.339774
236.93164,51,85.339818
103.780815,51,85.402184
181.05551,53,85.480214
407.01926,92,85.48865
-282.69727,86,85.497014
80.77295,51,85.518459
-16.355942,51,85.559376
-81.5773,51,85.582975
248.08073,54,85.597176
155.01022,51,85.642174
173.06354,51,85.723332
159.13441,51,85.732086
149.21623,58,85.748621
94.91894,51,85.758204
-96.55311,51,85.806306
75.836006,51,85.831203
-21.49159,51,85.847623
65.74713,51,85.895133
143.65082,51,85.98719
154.79626,51,86.004456
-129.87741,51,86.081812
73.76584,51,86.095849
68.083664,51,86.139431
383.63223,94,86.180968
170.78618,51,86.226526
32.881687,51,86.241149
524.36926,97,86.269019
-29.878849,51,86.315886
278.81882,59,86.363655
212.13574,57,86.396844
97.01093,51,86.410621
-79.60042,51,86.45646
113.88163,51,86.471376
107.03192,51,86.500395
71.14298,51,86.546247
100.70101,51,86.602838
191.16977,186,86.642442
157.49493,51,86.656546
180.95236,61,86.690818
43.722607,51,86.708503
62.04457,51,86.722242
167.39444,51,86.797311
51.798225,71,86.840932
120.426735,51,86.883416
-99.2269,51,86.899088
-35.70922,51,86.929526
-69.87171,51,86.942105
57.464394,51,86.954479
387.95175,77,86.962763
137.84016,51,87.027005
207.902,51,87.07263
-129.42953,51,87.116181
-44.768288,51,87.13141
140.97177,51,87.164382
303.17505,51,87.177333
125.65482,51,87.190886
-23.496204,51,87.200859
32.70808,51,87.260199
257.64575,51,87.302994
299.32956,51,87.342812
269.70496,51,87.357039
-62.41754,51,87.387342
330.8193,51,87.416118
-69.93595,51,87.425301
-120.18706,51,87.486066
207.91104,51,87.529728
304.7047,84,87.547635
151.60146,51,87.582803
210.42004,51,87.618425
35.429657,51,87.644341
77.84109,53,87.660443
245.9146,77,87.68553
78.324196,51,87.711864
201.95428,52,87.759504
1.9238185,51,87.77371
314.9632,54,87.823616
159.02019,51,87.841352
169.66217,51,87.867755
-9.683999,51,87.8859
124.70344,51,87.912447
72.967766,51,87.938947
33.336006,51,87.988295
86.85835,51,88.003674
283.56808,51,88.053357
100.45567,51,88.099456
83.134125,51,88.118627
124.10675,65,88.136826
217.02153,51,88.146606
170.96194,51,88.178777
182.56223,51,88.230102
99.06623,51,88.243155
168.55453,51,88.293223
208.36703,55,88.361172
191.79843,51,88.361226
102.98405,51,88.382323
75.332016,51,88.391822
136.37448,51,88.420134
173.90977,51,88.486655
154.63628,51,88.542397
321.4338,71,88.573426
-126.27929,51,88.616488
72.359116,51,88.616535
-18.342127,51,88.638154
-59.791164,51,88.649901
99.18135,51,88.750699
269.41406,74,88.793297
102.00516,51,88.803299
187.33154,51,88.875449
86.203735,51,88.875499
182.7394,51,88.896062
252.68314,51,88.906102
281.8047,78,88.974517
152.58629,51,89.010535
215.27261,51,89.059983
-143.05653,51,89.070145
188.89021,51,89.141851
-50.86092,51,89.1419
170.526,51,89.165654
-89.869705,51,89.246423
-65.06241,51,89.28124
173.30392,51,89.322237
-128.09093,51,89.332273
395.8359,87,89.355983
218.58401,51,89.401448
114.44217,51,89.401508
119.07502,51,89.42353
185.71588,51,89.512978
236.66656,51,89.547961
231.80347,51,89.594115
160.1832,51,89.628909
119.56699,58,89.640067
230.41115,51,89.673805
164.61128,53,89.685005
41.605877,51,89.696151
65.4732,51,89.771881
53.599197,51,89.855697
104.40027,51,89.894812
40.327705,51,89.943242
118.0579,51,89.965201
50.99431,65,89.982069
522.8123,92,90.028536
293.04147,68,90.042635
256.49152,68,90.126534
144.74849,51,90.156052
290.90494,66,90.194629
-72.28804,51,90.199146
-40.962288,51,90.216812
147.74979,51,90.231521
89.65089,51,90.272551
236.61488,51,90.289231
155.1637,51,90.364318
-36.626263,51,90.394936
58.354477,51,90.430783
31.270626,54,90.44997
140.28983,51,90.455062
70.83667,51,90.470533
-107.6293,51,90.529434
-149.77243,51,90.61484
139.89062,73,90.625393
-59.447586,51,90.644773
178.94965,51,90.68361
80.8737,51,90.701504
-53.70332,51,90.722515
186.22263,63,90.764956
84.53212,51,90.778901
195.76152,51,90.874904
-114.51024,54,90.879711
6.4941635,51,90.895388
298.0644,51,90.937582
152.52623,51,90.958764
-151.86769,51,90.979101
-74.16015,51,91.030731
69.70722,51,91.046644
78.50284,51,91.157531
30.849068,51,91.163651
-112.453995,51,91.228447
182.25975,51,91.253185
87.4979,51,91.332185
171.7813,77,91.339813
253.4034,61,91.339868
33.20367,51,91.350968
57.197945,51,91.540131
168.97003,51,91.564611
213.88626,51,91.658135
85.097244,51,91.658195
189.22557,51,91.672966
45.703846,55,91.68667
324.4277,84,91.694215
108.85412,104,91.815216
185.54425,52,91.874239
-142.40549,54,91.907077
164.04965,51,91.966522
-41.573948,51,91.966601
97.22104,51,91.979398
-76.251945,51,91.986856
171.62202,51,91.992818
220.15083,51,92.097332
153.05093,51,92.156991
-45.290565,51,92.186558
85.62944,51,92.243163
-166.6614,52,92.248262
-38.17872,51,92.253503
80.141846,51,92.259642
139.57669,51,92.26475
-170.47908,51,92.35466
58.45623,51,92.406029
92.28871,51,92.437242
110.753685,51,92.486782
62.973354,51,92.491122
106.25921,51,92.495534
124.43066,51,92.50137
61.58747,51,92.507508
271.06198,51,92.597379
67.41051,51,92.651247
-136.52713,51,92.680305
-162.03941,51,92.740717
94.69931,51,92.748868
207.09421,57,92.788141
223.1464,55,92.788185
44.74333,56,92.788194
-39.776257,51,92.915076
135.00146,51,92.943552
-240.3401,76,92.979471
120.28106,51,92.996098
72.88893,51,93.001677
272.8477,52,93.04346
-186.15166,56,93.064276
240.39937,61,93.089834
-84.35358,51,93.165889
68.961586,51,93.199011
127.002335,51,93.236134
-78.96181,51,93.251274
48.047035,51,93.257779
-112.50103,51,93.29859
201.20108,51,93.317313
114.45228,51,93.343886
180.56746,51,94.82711
-57.597878,51,94.849647
164.86163,51,94.882581
213.38448,51,94.895738
125.40214,59,94.933646
204.9327,51,94.933705
117.01881,51,94.951166
80.3077,51,95.039448
61.553967,51,95.066265
303.81857,77,95.089176
-60.251347,51,95.106892
80.984856,51,95.12193
109.01127,51,95.163392
58.65886,51,95.163434
-78.392296,51,95.180848
103.38477,51,95.26555
123.911575,55,95.309289
-91.46645,51,95.309336
65.49489,51,95.325239
78.38681,51,95.340046
-19.115782,51,95.383938
128.7231,51,95.383983
229.46475,58,95.534596
208.37602,51,95.548709
37.066326,51,95.548752
118.71858,51,95.566092
-141.32088,51,95.625919
191.6059,60,95.625962
444.50912,112,95.687173
145.52237,67,95.69546
116.15718,51,95.761109
77.01209,51,95.773547
79.0217,51,95.773597
217.03522,53,95.803117
97.56825,51,95.848658
-155.16797,51,95.848703
-21.941828,51,95.911295
152.99005,51,95.920611
166.42416,51,95.995447
-23.6128,51,96.00962
81.125,51,96.009664
-66.49336,51,96.037762
104.347916,51,96.083055
241.31305,51,96.083099
51.943714,51,96.145354
161.89586,51,96.153836
87.93543,51,96.224063
87.48617,51,96.236834
70.15726,51,96.236879
78.92882,51,96.266322
-85.44357,51,96.313347
108.89296,52,96.318242
74.10892,51,96.375333
96.34132,51,96.383278
155.82404,51,96.468496
69.33422,51,96.468538
78.78317,51,96.493947
191.1861,51,96.537392
151.34799,51,96.542872
122.10193,51,96.596836
79.808044,51,96.607721
341.44418,91,96.628429
-196.48717,51,96.694381
114.55912,51,96.694447
74.56274,51,96.722849
154.98683,51,96.767849
-71.018036,51,96.77264
-139.29805,51,96.830531
172.48477,51,96.841953
100.94571,51,96.863455
141.61667,51,96.925936
164.344,51,96.925978
215.67242,51,96.992416
248.94608,71,97.03818
235.2786,60,97.038225
179.00089,51,97.056217
-120.02967,51,97.065141
-124.6816,51,97.151406
71.73629,51,97.151451
166.54834,51,97.219187
620.4685,85,97.236782
152.5886,51,97.26465
170.10652,51,97.283167
-25.132254,51,97.292799
126.955475,73,97.363534
137.97838,51,97.37852
122.2104,51,97.378571
99.91172,51,97.447489
77.47256,51,97.464243
138.55188,51,97.508668
-15.04045,51,97.517856
100.92031,51,97.596133
69.42324,51,97.609923
-122.03838,51,97.609966
107.66138,51,97.697172
-45.182606,51,97.741946
99.20081,51,97.750236
50.87494,81,97.809997
122.879364,51,97.818748
168.34271,126,97.829195
-137.76067,51,97.835352
61.225647,51,97.835395
60.392708,51,97.924804
237.25652,51,97.968492
144.68822,51,97.977446
276.49924,52,98.045574
98.49333,51,98.050533
-123.45931,51,98.060025
80.56559,51,98.064659
51.579704,52,98.068709
65.85156,51,98.153222
156.4596,51,98.19738
38.28957,51,98.207113
81.06555,51,98.274094
78.88549,51,98.278487
-141.02292,51,98.292014
-97.42394,51,98.29773
185.16475,54,98.301937
62.034206,51,98.380921
95.160324,51,98.424126
105.346245,51,98.433278
82.89761,51,98.50579
-133.48303,51,98.510325
203.7792,51,98.523731
213.22758,51,98.529141
170.54922,51,98.53375
58.624897,51,98.613884
-64.43462,51,98.666482
112.456116,55,98.675664
61.932503,51,98.734209
286.1233,51,98.738317
181.31686,51,98.753701
46.309734,51,98.758509
46.436424,51,98.762895
80.58018,51,98.839798
82.478455,51,98.891431
87.585556,51,98.903287
222.0205,51,98.960148
327.3909,51,98.981997
-126.80393,51,98.987363
266.68213,64,99.042426
443.7799,68,99.047462
-48.4847,51,99.075969
134.364,51,99.133983
-147.64954,51,99.144269
195.88707,51,99.200158
165.7941,51,99.228257
-20.679737,51,99.278942
-259.2233,69,99.30264
134.86383,73,99.379351
42.322754,54,99.387767
-108.72763,51,99.433677
68.21072,51,99.459377
416.49527,90,99.485095
63.149773,51,99.513723
-122.66841,51,99.537189
58.978607,51,99.616879
86.391884,51,99.627808
504.7275,108,99.633381
16.243093,51,99.675617
74.70869,51,99.701662
-59.1001,51,99.728637
144.52357,51,99.754611
-87.06331,51,99.778286
-81.82002,51,99.857368
75.77766,51,99.867557
205.81407,51,99.943073
-37.951656,51,99.975841
253.47531,68,99.998071
212.64975,51,100.003863
181.96669,80,100.013633
79.81623,51,100.029506
50.204464,51,100.106529
194.30432,51,100.115537
147.08275,51,100.213682
75.47733,51,100.235123
127.701866,51,100.239734
72.47569,51,100.248947
104.80651,51,100.263326
-58.355736,51,100.332849
85.816605,51,100.341949
96.31665,51,100.43549
496.44244,112,100.451918
20.286798,51,100.455824
-34.597374,51,100.459659
143.8351,51,100.467629
192.33662,51,100.480551
234.30702,51,100.550677
-37.250336,51,100.559636
57.129223,51,100.65841
183.86255,51,100.681228
71.597534,51,100.687922
-120.90945,51,100.696329
60.066433,51,100.710091
169.81691,69,100.758814
127.37962,51,100.781182
57.914024,51,100.790174
164.68994,51,100.887426
65.752106,51,100.908478
102.20559,51,100.913687
-98.72585,51,100.922895
27.55641,51,100.935527
167.80838,51,100.984026
57.052734,51,101.007329
278.91666,51,101.017204
-41.044147,51,101.11557
68.9551,51,101.139847
-49.703415,51,101.153544
73.30312,51,101.165609
221.03392,53,101.223398
74.474884,51,101.245238
57.14504,55,101.255027
530.7759,80,101.271767
54.307617,51,101.343355
288.50412,53,101.375519
196.38037,51,101.380313
90.801186,51,101.392127
108.68556,51,101.480198
96.21248,51,101.496044
443.74664,69,101.525869
74.008446,51,101.566867
67.66806,51,101.596412
27.571959,51,101.602939
74.438705,59,101.652084
-119.771614,51,101.725097
229.97136,51,101.756144
287.62686,70,101.792944
158.60951,51,101.797626
496.22723,125,101.801846
217.85243,51,101.829002
91.56774,51,101.882351
116.57475,51,101.947223
-84.774475,51,102.014482
-68.07541,51,102.02039
73.80612,51,102.025551
344.77396,67,102.053124
-34.224068,51,102.053169
114.68857,51,102.111
156.98367,115,102.119576
98.41248,51,102.179511
88.47389,51,102.243268
141.63788,51,102.24825
16.00137,51,102.252534
-38.638054,51,102.279747
68.8471,51,102.279793
-91.596664,51,102.330342
447.29175,64,102.39705
197.22466,51,102.402108
112.01673,51,102.465955
49.822098,51,102.469771
-175.31885,51,102.473513
39.21859,54,102.512989
271.43375,61,102.543428
288.34537,55,102.568692
137.7099,51,102.619223
6.276575,51,102.624686
159.77031,51,102.689073
62.00565,51,102.694842
73.24994,51,102.699584
43.2194,54,102.783956
-42.560677,51,102.796489
-143.31299,51,102.848716
-81.74823,51,102.853654
154.31097,51,102.921835
95.63086,51,102.926974
334.29742,51,102.931466
111.98605,102,102.970081
242.16411,51,103.01447
-157.47716,51,103.073744
-149.86198,51,103.07787
287.74747,65,103.0869
70.43711,51,103.142875
142.32208,51,103.147255
157.84521,51,103.151988
96.53131,51,103.190286
-64.014786,51,103.235948
309.7467,51,103.303006
110.5712,51,103.31182
224.71935,60,103.338486
215.87187,51,103.372497
80.92874,51,103.377167
76.81993,51,103.382513
-6.59431,51,103.421908
178.07233,51,103.468845
82.61896,51,103.535093
105.031685,51,103.545059
-33.863396,51,103.573559
-119.31711,51,103.603742
14.882638,51,103.608443
129.05429,51,103.612966
-1.4117537,51,103.652371
143.22533,51,103.696251
61.27228,51,103.758858
98.67408,51,103.790916
121.07704,51,103.820637
152.3457,51,103.825404
-62.888638,51,103.830969
139.18321,51,103.869201
-262.35898,90,103.936115
190.9858,51,103.981735
-265.8021,72,104.011147
50.83573,51,104.019461
-68.24971,51,104.057595
105.21058,51,104.063196
229.60231,51,104.102191
170.76678,51,104.166237
56.93575,51,104.209703
68.3214,51,104.233805
-48.034073,51,104.24209
231.12656,51,104.274661
194.9307,51,104.279233
767.1456,115,104.326481
105.11043,64,104.377937
-123.12096,51,104.386355
-9.937062,51,104.428389
71.50389,51,104.466919
-53.737694,51,104.500558
70.828835,51,104.505396
-144.19254,51,104.555753
-76.68505,51,104.613624
-96.955246,51,104.661563
197.62646,51,104.698155
58.743286,51,104.732303
78.45062,51,104.737249
431.64798,114,104.741657
105.03353,51,104.786567
177.75334,92,104.790794
207.16685,53,104.897851
88.65492,51,104.923332
59.097645,74,104.943844
171.77989,51,104.962445
43.26225,51,104.96913
132.00906,58,104.99198
134.42538,51,105.013608
108.58333,51,105.017524
103.98357,51,105.122266
171.454,51,105.152491
72.63995,51,105.174833
186.83994,51,105.192436
202.5343,51,105.196996
-147.03355,51,105.247731
262.49335,70,105.326523
-72.68909,51,105.352526
64.49447,51,105.401038
151.51006,51,105.420177
103.89532,51,105.424457
184.22829,63,105.433877
152.45663,51,105.475564
473.5475,117,105.520046
81.247665,51,105.589829
41.79226,53,105.646141
284.83414,51,105.706139
171.3884,51,105.726812
193.47937,51,105.733042
199.01285,51,105.744135
179.00589,51,105.792966
217.10333,51,105.830717
-150.03052,51,105.875833
79.30376,51,105.915028
-89.793175,51,105.96017
-118.99242,51,105.979299
-50.948505,51,105.984188
95.176125,51,105.997901
86.58006,51,106.046523
98.44891,51,106.094509
103.03674,55,106.164221
98.72458,51,106.184314
324.25363,51,106.235719
18.227552,51,106.258637
107.85274,51,106.276131
241.87233,69,106.374187
249.57527,62,106.401214
66.142044,51,106.47399
149.08241,67,106.495222
36.299297,51,106.503264
-174.1564,51,106.557409
126.65533,51,106.582658
-88.300415,51,106.605502
-4.505599,51,106.698915
226.78,51,106.725184
187.27937,51,106.790498
204.90376,51,106.811361
129.42834,51,106.817974
-148.77924,51,106.873301
95.25487,51,106.899323
-112.59232,51,106.922205
84.39968,51,107.020886
136.45056,51,107.112142
151.65588,51,107.129315
260.29196,59,107.17928
72.99859,51,107.186725
219.9367,51,107.21097
267.52814,56,107.263701
78.25811,94,107.304
-158.44495,51,107.326361
-166.30635,51,107.415066
169.72098,51,107.434313
166.06847,51,107.49913
68.14182,51,107.527184
245.12909,54,107.594924
131.06206,68,107.602044
129.03383,51,107.623412
84.45477,51,107.648455
106.305214,51,107.756223
-119.00552,51,107.7748
249.53133,51,107.8467
74.14088,55,107.90527
64.28263,51,107.959196
286.55267,51,107.967942
69.84534,51,108.016602
302.72293,70,108.12132
30.272823,51,108.121378
83.69741,51,108.143034
31.736485,51,108.203967
197.81271,51,108.293547
182.52434,51,108.30034
95.34419,51,108.340568
47.462387,51,108.430078
112.679596,51,108.430131
149.37408,51,108.50729
390.95798,72,108.571425
86.048935,51,108.595167
168.55946,51,108.601383
270.96143,51,108.641725
575.3657,118,108.649987
108.41075,51,108.7407
49.73634,51,108.740761
35.422905,51,108.819784
195.44333,51,108.891205
192.62679,51,108.91387
79.39588,62,108.992121
125.66059,62,109.041687
81.76615,51,109.059112
147.87363,51,109.05917
171.95248,73,109.109364
72.493866,51,109.220607
-257.4151,72,109.290229
76.73127,60,109.311305
-111.053085,51,109.329515
39.176373,51,109.402674
221.56927,51,109.402731
118.89413,56,109.415508
-97.68602,51,109.561157
67.72604,51,109.63217
-38.928234,51,109.652173
176.29555,51,109.674205
108.48724,91,109.728724
81.6997,51,109.759176
203.64288,51,109.772037
262.83786,51,109.904885
-319.15845,85,109.965311
214.77124,51,109.965386
82.2901,51,109.98514
171.39043,51,110.00291
204.33362,51,110.043151
192.93854,51,110.065392
267.09833,55,110.237972
-31.328754,51,110.273003
-125.78262,51,110.273056
79.29908,51,110.309359
222.4173,94,110.344324
-134.70602,51,110.355338
26.113268,51,110.379279
-317.5389,89,110.527031
99.79855,51,110.549828
313.78,51,110.584654
128.62012,51,110.618554
64.56838,51,110.646238
80.18453,51,110.657201
-87.14541,51,110.67874
369.14603,82,110.761706
-73.86516,51,110.826564
-173.31108,53,110.903343
-44.87984,51,110.933577
301.93488,63,110.933685
120.54082,51,110.964108
181.37503,51,110.97878
110.30206,51,111.006352
201.1016,51,111.103252
152.7851,51,111.166302
14.073125,51,111.245279
121.228264,51,111.272625
-4.2225084,51,111.272691
-78.215965,51,111.352391
-104.23395,51,111.38436
233.11046,51,111.430005
-242.54399,61,111.606641
101.28995,51,111.606696
87.64013,51,111.674952
266.63388,51,111.698054
-60.462093,51,111.698105
99.09229,51,111.728635
-71.80469,51,111.74284
78.961876,51,111.768096
206.26067,51,111.890694
156.03941,51,111.951429
174.75842,51,111.972645
54.059845,51,111.972692
81.593704,51,111.995902
52.343246,51,112.006875
182.67104,51,112.026483
129.91284,98,112.130705
39.676346,59,112.187193
129.55557,51,112.225241
247.12424,57,112.233814
275.05145,55,112.242402
105.30875,51,112.258739
109.629555,51,112.27642
122.8904,51,112.366786
191.23239,87,112.409633
71.68411,51,112.41941
63.282333,51,112.461692
96.63439,51,112.470298
97.76692,51,112.492861
158.48558,51,112.510386
214.96132,51,112.6004
44.74982,51,112.643644
-116.48067,51,112.651376
65.54615,51,112.687802
416.27814,51,112.698609
129.93802,51,112.720787
-310.12604,106,112.724933
196.14581,51,112.738305
271.6301,51,112.833234
-66.63492,51,112.890347
48.77238,56,112.903532
65.19642,51,112.925659
157.62119,55,112.960162
-186.33144,51,112.96992
-9.504107,51,112.985122
60.18349,67,113.045161
-43.04563,51,113.087135
232.11705,51,113.151832
261.05313,54,113.182974
77.21023,51,113.192546
378.4576,51,113.222819
247.30966,51,113.233429
-97.264206,51,113.248195
182.7602,54,113.32331
205.15672,51,113.352861
-131.84506,51,113.417479
224.57921,54,113.464689
250.41856,51,113.500818
149.54175,61,113.510123
-135.86794,51,113.515692
-31.31626,51,113.596962
97.717766,51,113.624789
-16.512722,51,113.688176
100.72263,51,113.728448
199.62292,105,113.765873
79.113014,51,113.771312
76.701126,51,113.776239
140.35622,68,113.846937
228.67908,51,113.852294
110.668884,51,113.879467
149.8352,51,113.940801
158.40628,51,113.984535
150.23427,51,114.02835
79.45538,51,114.033698
121.75543,51,114.038564
257.7523,51,114.141115
61.474735,67,114.205307
-171.21175,51,114.210803
61.484894,51,114.259971
110.91069,82,114.282401
113.008446,51,114.315813
135.53108,60,114.353704
-218.46939,64,114.381362
87.318275,51,114.42618
214.0876,51,114.489967
130.25745,51,114.495868
105.22595,53,114.562649
-47.245064,51,114.578875
131.44212,51,114.617662
71.69289,51,114.66142
103.14099,62,114.756225
-117.53619,51,114.81093
245.53635,53,114.817179
212.65086,51,114.881628
146.57391,51,114.892536
-87.08435,51,114.927058
323.69592,84,114.940114
107.840836,51,114.974304
-114.17655,51,115.062407
91.31075,54,115.132553
254.5718,61,115.164282
61.579445,51,115.170349
-99.29449,51,115.180895
72.20762,51,115.214309
219.81497,51,115.225196
252.16402,61,115.29652
66.75775,51,115.383326
74.96294,51,115.415524
42.954445,53,115.421892
80.6699,51,115.427312
79.02415,51,115.453824
130.4664,51,115.46296
91.71352,51,116.914579
403.56213,99,116.927276
206.04791,52,117.002379
322.70068,51,117.029834
194.42384,51,117.040423
246.5312,58,117.068208
74.4876,51,117.068252
79.20202,51,117.077163
161.85893,51,117.145266
77.319695,51,117.159965
67.66198,51,117.236246
111.51622,51,117.266033
237.13596,51,117.275691
101.246994,51,117.30292
204.63773,51,117.302965
164.50182,51,117.312855
147.34892,51,117.381899
1.3074822,51,117.48118
253.84042,51,117.518633
196.6991,54,117.523281
85.15557,51,117.547438
130.77936,51,117.547485
54.87341,51,117.558074
500.3762,96,117.616723
-133.59236,51,117.632335
72.877686,51,117.728459
-111.227165,51,117.772691
137.3421,51,117.777478
20.801428,51,117.803568
-128.15016,51,117.803619
91.68924,51,117.814173
213.60358,51,117.879573
245.5096,57,117.925319
56.17875,51,117.995098
224.05394,51,118.038093
189.68759,51,118.060885
100.396996,51,118.070849
151.21844,67,118.110482
212.59325,52,118.134187
264.54712,68,118.144387
213.0378,58,118.204374
117.43308,51,118.279729
417.0317,63,118.294411
101.86971,51,118.304833
-114.68797,51,118.314425
72.28548,51,118.354779
213.04063,51,118.381331
221.05307,51,118.391807
-214.2573,58,118.492822
204.93047,51,118.534569
95.43786,52,118.554626
83.87738,51,118.569548
-134.72195,58,118.59278
73.79571,51,118.606837
-70.22892,51,118.633648
304.20795,51,118.645216
148.24405,51,118.743761
75.11946,51,118.789311
261.07773,51,118.824488
60.12674,51,118.848415
139.42749,63,118.865779
217.91733,51,118.885086
19.288698,51,118.895096
201.77235,51,118.993251
72.77858,51,119.036447
276.58624,91,119.054361
69.004555,51,119.06755
81.9802,51,119.09474
187.5255,51,119.114335
113.60683,51,119.13331
47.953163,51,119.142699
146.40152,51,119.250054
80.13446,51,119.297495
-34.82936,51,119.317601
192.02274,51,119.333028
279.19363,51,119.357154
238.80118,51,119.377212
129.92578,51,119.399219
114.138725,51,119.409164
341.75174,51,119.507442
58.650112,51,119.552414
71.93159,51,119.570652
-43.88319,51,119.587523
270.78802,53,119.628401
106.95154,51,119.638579
88.98852,51,119.657597
103.81121,51,119.66813
82.95665,51,119.766481
257.87473,51,119.811483
-115.5233,51,119.829493
77.39256,51,119.846897
187.75673,53,119.890139
-84.944885,51,119.890187
102.29512,51,119.912371
62.56406,51,119.922548
-159.1826,51,120.027376
89.16456,51,120.088327
-91.3266,51,120.105373
260.00003,51,120.14633
-51.08336,51,120.146404
-215.39554,71,120.165306
126.73858,51,120.165352
90.68065,51,120.269915
-54.88067,51,120.331746
106.09451,51,120.347035
14.711074,51,120.38863
73.17262,51,120.407012
270.39117,58,120.438407
125.455086,63,120.442486
127.277306,51,120.500489
127.7063,51,120.56127
587.1363,137,120.572286
251.74313,51,120.57706
53.96399,51,120.620212
-98.77067,51,120.641369
79.69185,51,120.674878
128.97475,51,120.74579
101.5104,51,120.811036
-85.87768,51,120.824329
128.46143,51,120.830076
-280.57123,83,120.841045
28.042631,51,120.878489
39.180187,51,120.90014
56.301716,51,120.938801
40.916,51,121.024121
75.15371,51,121.099448
105.686844,51,121.104473
56.779713,51,121.114275
223.52217,51,121.149377
183.49188,51,121.16826
-45.683968,51,121.206244
35.095737,66,121.37009
59.733738,51,121.37014
171.57527,53,121.387803
78.94403,51,121.387853
675.45667,114,121.425866
72.182816,51,121.425922
69.4966,51,121.450902
173.10997,51,121.491171
389.7396,51,121.667968
82.94382,51,121.668021
-114.936226,51,121.685416
82.58963,51,121.725898
134.41287,60,121.782832
31.62054,51,121.794449
309.6526,62,121.825434
185.20006,87,121.907435
200.14987,51,121.987945
93.23962,51,121.988035
-102.04149,51,122.006774
-105.361176,51,122.050677
337.62424,51,122.098424
251.44414,66,122.191674
103.8473,52,122.211724
284.55557,73,122.244925
74.90678,51,122.266259
-145.39809,51,122.266307
-73.09582,51,122.279347
211.85927,51,122.311845
51.909576,51,122.355918
-128.97763,51,122.430621
-138.33875,51,122.451046
127.14956,51,122.483528
183.85173,51,122.504697
-119.25864,51,122.504752
187.66844,51,122.51926
107.166115,51,122.600573
306.00183,71,122.653119
62.259033,51,122.679381
118.17796,51,122.699184
176.25314,51,122.731842
-127.807396,51,122.753141
381.41708,51,122.753185
194.19067,55,122.787185
138.53526,51,122.836269
-110.897285,51,122.885185
-80.439285,51,122.915314
52.099255,51,122.930583
302.93198,51,122.967444
158.38084,51,122.988249
74.399536,51,123.01894
-80.94164,51,123.075163
378.34656,76,123.10568
66.6108,51,123.130763
271.60626,51,123.162461
-33.073315,51,123.180828
-135.04124,51,123.216919
69.94318,51,123.235173
200.85287,51,123.267325
-129.8885,51,123.351338
156.96939,51,123.374638
222.18546,65,123.387644
210.71832,53,123.411057
-80.32152,51,123.419203
214.86584,51,123.472219
-1.2119977,51,123.510677
20.041718,76,123.576283
80.05411,51,123.622386
-162.99272,51,123.636512
-99.25941,51,123.66645
157.69774,71,123.810538
141.82028,51,123.814657
301.72736,72,123.842726
367.2548,99,123.871916
69.97157,51,123.896606
-166.21913,64,123.911393
257.88794,63,123.919867
-355.9735,125,123.93386
195.92738,51,124.037858
53.08459,51,124.042026
57.43269,51,124.07256
-12.558273,51,124.102087
76.82864,51,124.126269
-154.13719,51,124.139668
-110.47984,51,124.148857
170.2934,51,124.164315
195.40894,51,124.268154
112.751656,53,124.280245
-111.16957,51,124.301032
68.425575,51,124.336398
61.337852,51,124.35837
223.55054,51,124.372247
-69.31827,51,124.397652
-143.78592,52,124.513264
162.34775,51,124.524477
72.10296,51,124.549208
51.911392,53,124.589337
200.02959,55,124.637778
155.6841,51,124.642354
402.3548,77,124.725575
106.61538,51,124.751746
277.2837,51,124.761331
70.540375,51,124.78386
286.17694,138,124.794834
267.87143,51,124.828787
118.22398,51,124.871332
193.72383,51,124.87562
71.29225,51,124.955893
52.45013,51,124.983973
161.48141,51,124.993506
220.03154,51,125.016639
60.17943,51,125.027506
-70.68621,51,125.060419
111.45501,51,125.107158
-10.93339,51,125.199991
285.94345,75,125.230938
172.67877,51,125.240777
-102.926605,51,125.272314
128.2933,51,125.305001
-44.28269,51,125.351421
69.5767,51,125.433685
-54.40785,51,125.458969
176.48508,51,125.468918
546.48413,98,125.474432
-73.158714,51,125.502871
-179.32866,51,125.536554
134.57605,51,125.581705
81.43604,51,125.667855
71.90301,51,125.704685
196.72946,51,125.737397
230.50148,60,125.73744
268.14713,166,125.756989
55.01685,67,125.783574
212.25609,51,125.816684
123.2712,68,125.848848
128.91373,59,125.942904
77.81302,51,125.973553
0.55545366,51,125.973607
72.25661,51,125.995785
-32.549343,51,126.022304
-72.327095,51,126.055719
-141.16068,51,126.087646
154.3587,88,126.11824
251.68932,51,126.217478
197.58261,51,126.217521
80.672104,51,126.236295
88.17913,51,126.270621
288.6544,68,126.270664
185.47588,51,126.30073
67.76249,51,126.332422
188.64697,51,126.359234
71.36916,51,126.454683
267.73007,51,126.454752
-61.719494,51,126.503834
95.038475,51,126.503882
63.141247,53,126.57565
326.27307,80,126.611469
113.09506,51,126.692683
8.269729,51,126.692732
-102.27628,51,126.737064
130.88043,51,126.737107
212.70674,92,126.790879
462.22018,111,126.821396
214.88045,51,126.853014
173.34879,51,126.947922
113.585884,54,126.963483
-186.09201,60,127.04973
207.67824,51,127.085315
219.44969,60,127.100416
165.06212,51,127.123045
51.830345,76,127.133582
260.31516,124,127.198999
-126.75054,51,127.215685
54.97127,51,127.30783
94.210075,51,127.345048
68.89524,51,127.365088
108.541794,51,127.397624
74.48484,53,127.397671
469.35403,84,127.402791
236.44188,51,127.46688
201.09094,51,127.483346
93.25654,51,127.587433
64.57859,51,127.626247
97.1017,51,127.680382
225.30373,51,127.680456
148.0822,51,127.687773
58.7003,51,127.754397
-108.949486,51,127.774203
-364.71515,82,127.822891
103.43702,51,127.887186
102.789215,51,127.927854
117.995735,51,127.987295
48.883186,51,127.987366
-55.55935,51,127.995846
173.91057,51,128.138681
146.50136,68,128.163923
76.01729,51,128.192433
283.2285,73,128.206228
235.79518,51,128.225849
161.0888,51,128.267724
180.46051,51,128.267796
9.641973,51,128.274619
100.45743,51,128.393156
-15.988523,51,128.416555
-120.2341,51,128.441878
211.79816,54,128.469602
44.15698,51,128.4749
-86.61767,51,128.51854
54.699238,51,128.523346
279.5453,73,128.622906
87.17478,51,128.637387
37.910698,54,128.675917
180.83617,51,128.685514
91.488686,51,128.714638
-154.19383,51,128.718929
-161.89282,51,128.763016
111.10788,54,128.772054
63.003147,51,128.854703
60.36715,51,128.86779
194.672,51,128.905745
152.10948,51,128.914504
-124.17789,51,128.947908
69.651665,51,128.993353
95.50094,51,129.003411
251.43587,67,129.017384
188.14456,51,129.093911
111.102394,51,129.112989
-55.264362,51,129.164404
296.27188,56,129.181585
-198.79272,57,129.225783
-87.7394,51,129.255767
227.75414,55,129.26701
138.8332,51,129.271858
-113.8357,51,129.345838
87.4524,51,129.359537
70.637695,51,129.421013
116.939285,62,129.455892
203.51357,51,129.463921
153.6349,51,129.489034
187.10934,51,129.498102
198.50748,51,129.502913
77.92476,51,129.574443
73.97499,51,129.587794
-135.40388,51,129.67826
201.37993,53,129.752433
63.202442,51,129.752489
-63.278107,51,129.79567
213.04822,53,129.826872
358.53503,56,129.837658
120.667625,51,129.898093
-138.69785,51,129.912027
187.35878,51,129.973659
198.8525,51,130.028539
184.10468,51,130.028593
85.21826,51,130.058463
-98.57951,51,130.093183
126.14057,51,130.150975
125.47167,55,130.184337
48.133747,51,130.27357
114.62287,51,130.273628
415.6783,93,130.28241
206.80899,51,130.300877
52.30738,79,130.356202
140.18623,51,130.384515
63.795296,65,130.394101
80.91614,51,130.416647
86.655464,51,130.502784
-16.547935,51,130.50283
-82.51651,51,130.511479
96.46356,51,130.528591
-47.511414,51,130.58149
-85.66583,51,130.609874
224.22812,51,130.61847
114.818726,66,130.713999
-59.86919,51,130.731893
143.89465,51,130.73194
241.64554,51,130.740089
80.81087,51,130.758399
-123.67738,51,130.810329
153.40141,51,130.840793
211.49767,55,130.865888
-172.42201,51,130.935433
-131.72516,51,130.953346
78.37668,51,130.953394
78.12649,51,130.96219
101.33288,51,130.978093
112.7845,51,131.034348
208.3628,51,131.096664
136.72635,51,131.179891
107.53898,51,131.200044
74.61946,51,131.200104
192.5474,51,131.210425
-164.77652,51,131.231609
212.05898,94,131.28455
112.66507,55,131.308207
29.484293,51,131.347902
97.44613,51,131.419914
-119.39338,51,131.437882
149.53413,51,131.437926
127.272125,51,131.464835
-234.8184,57,131.472521
-115.116455,55,131.5304
102.53016,51,131.536044
-97.27292,51,131.580934
-120.65683,51,131.658767
259.5645,51,131.677768
77.66501,51,131.677816
85.43156,51,131.717668
62.271805,51,131.781477
125.793076,51,131.785979
69.653595,51,131.828339
196.18135,88,131.892227
61.311424,51,131.912811
-112.78109,51,131.931974
81.32248,51,131.980605
-165.42961,51,132.060201
66.506615,51,132.110081
78.36121,51,132.171952
-59.31272,51,132.193806
388.38245,78,132.199574
154.60004,51,132.214602
486.55032,110,132.252532
136.25879,51,132.25258
46.81472,51,132.322246
77.14741,51,132.365937
63.129692,51,132.426521
229.65123,51,132.451305
91.590416,51,132.513884
-31.311216,51,132.513931
148.50461,74,132.569578
-113.750084,51,132.585462
180.25648,78,132.61325
-165.4279,51,132.635295
113.63729,52,132.699245
190.02585,54,132.734299
83.01329,51,132.780702
178.52106,51,132.780755
-98.42444,51,132.840841
-54.21176,51,132.857397
191.76212,58,132.925647
-83.35771,51,132.98751
211.16972,51,133.032359
93.480034,51,133.093702
75.032486,51,133.093761
-268.37674,82,133.113668
73.4284,51,133.189725
-187.96725,62,133.242376
71.41671,51,133.271832
-125.36282,51,133.336936
108.86297,51,133.378662
-102.34632,51,133.431931
74.83463,51,133.432002
-108.336754,51,133.524667
306.4849,51,133.580942
61.147663,51,133.605736
289.304,79,133.639459
38.770607,51,133.724421
253.00827,63,133.757216
81.807724,51,133.77841
-152.4211,51,133.778468
-101.710815,51,133.868712
191.78757,51,133.920269
70.774704,51,133.94594
6.524606,51,133.976313
198.75667,51,134.059428
-65.21451,51,134.088382
-125.23375,51,134.109849
92.68532,51,134.109956
-185.49553,54,134.22604
61.498383,51,134.255986
186.6272,51,134.28372
-141.16908,51,134.315243
186.80621,51,134.385698
204.54262,51,134.417739
-60.91514,51,134.438267
174.5946,53,134.450406
-163.16235,51,134.572534
78.33231,61,134.600991
-186.87503,51,134.622834
86.07958,56,134.708893
71.08407,51,134.708941
76.14663,51,134.732072
168.19283,80,134.741827
290.84125,51,134.83113
152.28912,51,134.857292
283.3993,51,134.874573
243.85146,51,134.949929
-387.58127,99,134.949974
237.16531,53,134.981344
170.71231,51,134.981392
261.1081,59,134.987249
38.096977,51,135.065476
74.56544,51,135.0896
294.3234,51,135.107047
98.9716,51,135.182925
294.31464,51,135.182969
98.04162,51,135.21669
240.62434,52,135.221305
132.40422,60,135.26264
68.25175,51,135.29813
-112.86589,51,135.320393
122.66808,51,135.338934
147.99345,51,135.412609
80.262314,51,135.443271
81.16224,51,135.447323
124.46941,75,135.517608
77.30532,51,135.521227
-116.71417,51,135.543268
146.43611,68,135.562489
-71.3466,51,135.562536
164.69753,51,135.636378
83.130585,51,135.669349
118.31736,51,135.674607
61.26881,51,135.752544
167.38457,51,135.795019
244.77032,51,135.795061
212.30783,51,135.873256
244.69888,51,135.910699
78.32316,51,135.915328
164.97722,85,135.938525
189.52486,51,136.000418
251.19467,104,136.00596
88.130226,51,136.049889
63.356625,51,136.049974
169.04704,51,136.141534
128.85149,51,136.180944
180.36531,53,136.217524
102.92609,51,136.267564
114.48452,54,136.325582
41.842136,63,136.325635
370.36716,91,136.369692
212.41559,51,136.388534
174.76292,51,136.423178
179.69925,51,136.508531
255.51045,64,136.516874
125.26362,51,136.559459
-163.00209,56,136.582769
-4.3541126,51,136.607001
106.77112,55,136.643948
84.53305,51,136.664932
678.9977,132,136.689334
95.448326,51,136.745976
47.232224,53,136.766347
171.55153,51,136.796041
262.04965,51,136.817859
114.35529,53,136.849198
97.91006,52,136.879931
236.55867,51,136.893495
139.47925,51,136.91638
57.595097,51,136.973614
75.58746,51,137.023425
262.02866,51,137.049953
101.353424,51,137.085013
181.87225,76,137.116946
129.81532,51,137.123329
67.59452,51,137.139294
80.97868,51,137.164102
100.92208,51,137.238776
88.25405,51,137.302911
156.61363,51,137.328714
221.35811,51,137.366406
161.44482,51,137.402832
-156.13799,51,137.409319
-27.855549,51,137.428437
93.26901,51,138.888521
68.925,51,138.95564
262.724,51,139.014402
277.08795,51,139.076543
173.06145,51,139.10778
-92.07059,51,139.114747
40.182503,51,139.129906
-146.57278,51,139.159517
138.49318,78,139.187952
200.81213,51,139.235805
228.20584,51,139.378971
174.29445,51,139.41393
148.49278,51,139.423006
56.652355,51,139.469571
-279.9945,84,139.504294
120.005745,51,139.554302
135.81898,69,139.62497
-259.58817,86,139.668926
165.44647,51,139.747663
284.28714,51,139.753726
186.32806,65,139.801171
22.064083,51,139.807567
163.33572,51,139.847014
65.46253,51,139.891636
329.88437,51,139.963007
95.11668,51,140.085483
34.00932,51,140.092795
89.040184,51,140.144048
235.12233,51,140.151011
368.4321,76,140.179069
264.01538,52,140.202367
112.66276,51,140.24474
56.459694,51,140.309555
231.33916,51,140.451525
-121.904686,51,140.512164
198.44064,51,140.550025
-51.140182,51,140.576113
175.13034,78,140.664981
269.8182,51,140.694319
275.292,76,140.708521
259.45752,66,140.730361
-45.563858,51,140.901259
102.540794,55,140.939418
57.4626,51,140.986665
39.45771,51,141.009063
143.3172,51,141.01835
-47.129192,51,141.032342
118.36529,86,141.062217
81.14957,51,141.165023
428.3841,121,141.195353
65.15029,51,141.201402
131.92303,51,141.240646
161.2069,51,141.260955
85.57954,51,141.288917
134.21861,51,141.321808
242.64795,61,141.327089
216.63647,56,141.44619
61.16021,51,141.455972
373.1254,63,168.395397
157.16667,51,168.400715
89.02165,51,168.46282
207.30702,51,168.470611
304.61832,68,168.47579
152.79321,51,168.599157
202.86911,51,168.670615
97.43896,52,168.670674
130.75638,51,168.728081
29.771057,51,168.732851
230.98593,58,168.756692
276.29565,60,168.886896
-495.7647,147,168.905287
96.579765,51,168.910196
71.56071,51,168.910249
209.22673,51,168.967995
146.44888,51,168.973
612.3229,135,169.019238
95.14837,51,169.179351
-130.88077,51,169.185421
96.805374,51,169.185495
142.987,89,169.214903
182.59604,51,169.260103
-108.90558,51,169.265288
131.46042,78,169.316944
204.20871,57,169.34509
70.972565,51,169.482424
282.95316,51,169.490069
85.74052,51,169.49014
119.023155,51,169.518395
278.98157,51,169.561695
111.35742,51,169.568132
56.604893,51,169.657399
154.6128,68,169.729461
-76.4788,51,169.798183
215.05026,51,169.798236
-158.52414,53,169.804933
148.35197,51,169.826616
228.32454,51,169.872166
309.54965,64,169.936881
93.97819,51,169.946676
127.42449,51,170.01043
92.73482,51,170.071258
-81.770226,51,170.071317
77.32833,51,170.076683
76.70411,63,170.154819
68.74339,51,170.19311
144.90791,51,170.203466
271.7478,51,170.255554
187.30345,89,170.314047
-131.74854,51,170.314109
193.99828,51,170.314131
84.99524,51,170.321156
72.37071,51,170.4049
66.21871,51,170.445462
205.08553,51,170.455921
-42.180405,51,170.516047
-108.75334,51,170.57122
236.45445,51,170.571267
186.32242,51,170.57653
-99.47836,51,170.653932
91.43292,51,170.697458
444.13922,77,170.70384
185.02863,51,170.762458
118.26544,51,170.820807
144.56337,51,170.820851
112.37517,51,170.826736
129.67691,78,170.836481
-140.42668,51,170.905591
78.89767,51,170.944254
82.31796,51,170.94889
394.4623,51,171.014137
-50.309593,51,171.077285
-39.140484,51,171.082306
192.20236,51,171.093305
99.10394,51,171.153889
-160.15338,51,171.192707
95.21386,51,171.263988
81.2745,67,171.277415
393.38348,100,171.310906
196.3523,51,171.320348
70.25602,51,171.324969
-92.42514,51,171.33344
94.74636,51,171.399129
-86.002266,51,171.434195
71.91573,51,171.508955
230.69876,51,171.52432
122.40536,51,171.561082
76.69981,51,171.575634
298.06833,51,171.593079
99.26184,51,171.6701
66.1117,70,171.687479
147.65848,65,171.803637
117.46568,51,171.82199
207.0188,59,171.851338
11.848654,51,171.8614
98.98364,51,171.872168
-166.67151,57,171.923904
-152.07059,51,171.989829
263.46548,64,172.048961
114.7422,51,172.110781
215.6765,51,172.129794
77.9434,51,172.171184
-88.23013,51,172.238981
267.82303,60,172.239034
58.447998,51,172.304537
212.19194,93,172.405141
-115.25823,51,172.4111
25.741844,72,172.474077
112.39014,63,172.487992
55.174286,51,172.517226
186.32065,51,172.517273
173.6396,51,172.567515
175.51353,51,172.650969
239.96788,51,172.655984
-317.93433,100,172.695667
184.01903,51,172.715299
194.63103,51,172.728267
269.39926,61,172.805408
93.81033,51,172.810226
44.25892,51,172.887737
126.18898,51,172.893074
329.8312,82,172.897442
181.4456,51,172.950072
-164.52943,59,172.968098
304.294,58,172.997395
113.605194,51,173.038939
97.47,52,173.049965
188.90775,51,173.127313
193.91911,52,173.127357
-46.096657,51,173.131827
27.451721,51,173.182053
120.00474,51,173.223607
281.9153,61,173.239824
238.76653,52,173.266687
104.12199,52,173.277723
98.21183,51,173.357482
111.53218,51,173.361953
83.04997,51,173.414052
194.19548,51,173.474457
173.2122,79,173.48631
146.21939,51,173.504414
256.105,62,173.508741
174.05048,51,173.514079
-77.02208,51,173.589828
74.4127,58,173.625797
106.04036,51,173.643889
-121.218155,51,173.715927
148.00395,51,173.73415
181.18275,51,173.738624
97.556656,51,173.743211
145.96617,66,173.776932
211.59695,52,173.826904
-174.2621,56,173.908771
80.79413,51,173.963274
252.2235,74,173.977728
-156.45506,51,173.983075
84.40022,51,173.989512
188.33516,51,173.995996
13.5521145,51,174.032615
-199.08,55,174.115736
-94.1615,51,174.181347
49.333485,51,174.237951
-125.93354,51,174.253047
266.74374,51,174.258353
72.127884,51,174.26425
-57.1572,51,174.270937
186.16507,52,174.317482
80.20373,51,174.404355
145.65393,51,174.480298
-126.43581,51,174.550044
118.370514,51,174.571179
111.118195,51,174.578373
-148.97913,51,174.584842
97.879654,51,174.591135
35.836727,51,174.742126
62.040165,51,174.827002
266.42703,51,174.90371
-136.79575,51,174.929975
-123.7592,51,174.938024
221.8251,51,174.946417
201.28311,51,174.95403
237.17007,54,175.1289
212.56987,57,175.221341
608.03937,139,175.24968
144.9097,51,175.249732
65.99093,51,175.27476
295.4979,51,175.281018
249.04291,54,175.289315
207.1692,51,175.289372
-35.3699,51,175.449669
93.17734,51,175.541238
107.65073,51,175.573498
-121.58999,54,175.59815
69.01555,51,175.612729
-130.67453,51,175.620781
-63.347706,51,175.620861
206.63109,54,175.627731
205.531,65,175.967945
220.57219,51,175.975605
-51.237793,51,176.018512
137.97168,51,176.036932
124.9149,51,176.05754
81.68538,51,176.065011
83.801506,57,176.102485
-219.9137,68,176.177935
55.74418,54,176.351177
55.42134,51,176.369124
-162.3955,58,176.383169
212.44254,51,176.391484
-129.08295,51,176.410819
-109.63903,51,176.421169
133.60252,51,176.452171
76.1065,51,176.524317
-16.059736,51,176.680805
254.67268,51,176.710355
290.85623,51,176.716664
47.551174,51,176.737937
167.52725,63,176.776141
86.75285,51,176.776194
270.09814,51,176.83998
278.27545,68,176.852162
151.98885,51,176.98833
231.37065,51,177.01664
-58.32513,51,177.022116
-55.32787,51,177.039446
211.9017,51,177.078619
-147.41057,51,177.078689
82.50453,51,177.129669
110.86944,51,177.14045
-129.69429,51,177.262032
168.17343,51,177.290618
114.909134,51,177.295419
178.46939,51,177.311164
146.15663,51,177.341767
85.72344,51,177.341811
78.55955,51,177.387982
-94.44464,51,177.398511
13.82455,51,177.540914
-55.196815,51,177.553632
202.95322,51,177.582942
80.98561,51,177.582985
142.79712,68,177.591803
141.28413,64,177.59866
231.66934,51,177.629479
81.31921,51,177.638
113.272514,51,177.772033
-33.438934,51,177.785388
-172.70369,51,177.811082
-33.697258,51,177.824217
-91.4854,51,177.856685
83.55373,51,177.866647
307.25323,68,177.888442
371.48212,85,177.972933
219.7571,51,178.000623
-181.44125,56,178.035359
21.881508,51,178.040025
-76.534676,51,178.053162
174.70952,51,178.081256
124.92499,51,178.091145
188.10928,51,178.115488
84.60545,51,178.230327
13.997235,51,178.26856
111.927155,51,178.280989
118.26322,71,178.289049
-113.40065,51,178.311909
165.21475,51,178.320967
109.1913,68,178.338274
18.10917,51,178.456281
299.27655,80,178.475516
47.207523,51,178.49928
-126.22172,51,178.521875
-56.050343,51,178.541891
88.83147,58,178.541933
94.89458,51,178.549941
-161.08022,52,178.574197
232.85046,51,178.690883
96.97297,51,178.707094
229.42268,51,178.74926
58.273228,51,178.779037
4.839946,51,178.789576
161.58122,67,178.80775
71.280815,51,178.814402
-193.90715,65,178.850281
61.550125,51,178.947858
101.534256,51,179.033482
77.3694,51,179.065197
290.73117,51,179.07824
321.74792,70,179.090395
-104.743256,51,179.108241
376.18088,51,179.152637
62.659744,84,179.314346
403.64722,69,179.388614
77.35036,51,179.408202
124.98064,55,179.425499
113.22556,51,179.425559
393.67682,60,179.42557
-37.309395,51,179.44456
68.49486,51,179.487648
76.99793,51,179.650606
216.66054,52,179.727616
65.997246,51,179.740077
233.2633,51,179.754395
313.29797,51,179.754457
177.77808,51,179.754472
114.04052,51,179.776145
257.659,51,179.825656
114.49814,51,179.987163
82.44449,51,180.066862
63.24781,51,180.090256
94.33738,51,180.090309
-36.113422,51,180.110352
239.98999,60,180.138134
101.86631,51,180.155958
69.80303,66,180.188733
206.1379,51,180.311164
166.41283,51,180.384843
101.29752,51,180.410359
-121.35547,51,180.410826
-114.57271,51,180.433092
224.71661,51,180.45862
-120.28186,51,180.479515
237.58797,51,180.510167
52.2927,51,180.645527
49.597736,51,180.737355
112.08247,58,180.753649
94.0418,51,180.753699
73.57153,51,180.777935
76.46549,51,180.794657
134.77464,51,180.821111
317.20743,81,180.90608
-119.82833,51,180.934769
178.7305,51,181.038362
78.80013,51,181.038413
-142.32379,51,181.06073
231.23186,60,181.071924
139.49294,51,181.078062
-32.566536,51,181.106781
85.91506,51,181.189785
100.340775,51,181.215253
197.6011,51,181.318655
88.118164,51,181.344064
107.07677,51,181.357161
-127.903404,51,181.362642
278.94366,62,181.386597
-57.291946,51,181.391741
154.06258,51,181.515762
274.88766,66,181.591743
-106.49534,51,181.651158
67.944405,51,181.686013
244.21346,52,181.697278
106.31699,60,181.777649
147.21614,63,181.80224
80.79912,51,181.857368
-116.9957,51,181.917127
-79.66933,51,181.973807
73.34847,105,182.020389
178.09601,51,182.028493
249.56262,62,182.095952
121.75804,57,182.176569
95.563774,51,182.191369
68.65757,51,182.256284
175.43008,51,182.31798
-109.66792,51,182.365036
-19.991129,51,182.371078
402.0021,91,182.379539
147.8066,51,182.432994
185.4688,51,182.523783
81.594505,51,182.600737
216.98273,51,182.654763
61.29583,74,182.684199
-111.49416,51,182.708034
41.737366,51,182.71531
78.66802,51,182.764101
184.45314,51,182.851152
481.95386,80,182.895767
-178.25066,51,182.935036
-118.60354,51,182.998628
136.49147,51,183.024175
218.47838,51,183.05808
129.03564,53,183.064766
163.88136,51,183.112913
208.72958,52,183.208533
-56.131985,51,183.276304
-61.426796,51,183.34299
237.95053,53,183.380577
114.64078,51,183.400221
-58.619267,51,183.407696
274.59753,51,183.452837
217.2229,51,183.541851
263.2223,107,183.600162
167.51805,51,183.607337
90.55659,51,183.696131
129.55956,51,183.714342
166.95619,51,183.721604
-21.251156,66,183.75138
80.01883,51,183.7613
62.208035,51,183.844019
86.33433,51,183.895961
-25.753607,51,183.900808
-127.09712,51,183.979884
185.27571,51,183.996086
-42.718773,51,184.003428
146.06609,51,184.04082
80.368004,59,184.070701
124.085236,51,184.112015
143.86078,51,184.176905
237.181,54,184.190686
60.904552,51,184.275626
259.59656,51,184.294032
266.22534,51,184.300396
-17.456558,51,184.347021
172.05864,51,184.382023
200.29208,51,184.498869
-100.846344,51,184.511328
421.9145,76,184.588326
188.75804,54,184.613345
114.601845,51,184.613403
-36.327084,51,184.623232
121.68624,55,184.687862
155.08849,51,184.699027
76.91475,51,184.802265
102.08132,51,184.813529
220.61694,53,184.891219
-71.710724,51,184.90433
22.263664,51,184.910429
171.73106,51,184.981632
65.63951,51,184.994097
143.84688,51,185.097008
69.70881,51,185.107877
495.8772,99,185.173072
70.14695,51,185.179016
220.32831,51,185.188121
127.95385,61,185.25428
175.5594,51,185.261382
134.54567,51,185.270365
89.352104,51,185.369106
57.408215,51,185.446843
102.649574,51,185.451667
-223.29655,75,185.503811
140.73827,61,185.514943
194.74602,51,185.521154
206.76262,51,185.526711
-91.34517,51,185.539385
37.023872,51,185.720337
214.77821,51,185.725338
333.59167,77,185.773885
-181.32133,51,185.784706
104.142815,51,185.789572
170.08952,51,185.794398
65.181564,62,185.828918
-156.85365,66,185.883495
244.38226,51,185.979145
79.11104,51,185.985066
203.84457,51,186.042437
204.60861,51,186.05275
67.90901,51,186.05954
132.31654,51,186.064533
-57.532578,51,186.098501
72.30632,51,186.149582
-83.69577,51,186.250378
88.796585,51,186.308208
59.67915,57,186.365858
175.3735,51,186.371425
-303.6988,85,186.436018
128.44629,66,186.495227
-263.47922,91,186.527323
-97.87617,51,186.574717
358.785,106,186.610355
279.86914,69,186.6104
-35.701683,51,186.625434
174.74753,51,186.631304
75.00919,51,186.696791
166.31396,51,186.785071
242.84181,60,186.801654
246.98935,51,186.867881
56.43788,58,186.867952
284.0053,51,186.885298
-104.128105,51,186.891505
213.79085,51,186.952141
